date,symbol,adv_shares
2023-01-03,600000.SH,162116.95
2023-01-03,600519.SH,258203.74
2023-01-03,000001.SZ,202937.9
2023-01-03,300750.SZ,191836.72
2023-01-03,601318.SH,132615.71
2023-01-03,000858.SZ,183400.77
2023-01-03,002594.SZ,279416.92
2023-01-03,600036.SH,261085.63
2023-01-04,600000.SH,156779.65
2023-01-04,600519.SH,171566.41
2023-01-04,000001.SZ,235107.97
2023-01-04,300750.SZ,173696.47
2023-01-04,601318.SH,221807.86
2023-01-04,000858.SZ,229537.29
2023-01-04,002594.SZ,170092.74
2023-01-04,600036.SH,156974.19
2023-01-05,600000.SH,222667.45
2023-01-05,600519.SH,408555.69
2023-01-05,000001.SZ,127237.84
2023-01-05,300750.SZ,147140.46
2023-01-05,601318.SH,200249.75
2023-01-05,000858.SZ,196536.22
2023-01-05,002594.SZ,372326.54
2023-01-05,600036.SH,225567.68
2023-01-06,600000.SH,211111.11
2023-01-06,600519.SH,108826.1
2023-01-06,000001.SZ,90209.17
2023-01-06,300750.SZ,329673.52
2023-01-06,601318.SH,184656.82
2023-01-06,000858.SZ,497053.33
2023-01-06,002594.SZ,197830.96
2023-01-06,600036.SH,239861.39
2023-01-09,600000.SH,253179.43
2023-01-09,600519.SH,371305.4
2023-01-09,000001.SZ,403702.99
2023-01-09,300750.SZ,392577.84
2023-01-09,601318.SH,230577.57
2023-01-09,000858.SZ,179169.42
2023-01-09,002594.SZ,192785.06
2023-01-09,600036.SH,290045.03
2023-01-10,600000.SH,272576.29
2023-01-10,600519.SH,100374.47
2023-01-10,000001.SZ,168578.93
2023-01-10,300750.SZ,139504.76
2023-01-10,601318.SH,151090.81
2023-01-10,000858.SZ,207535.59
2023-01-10,002594.SZ,219816.7
2023-01-10,600036.SH,123320.82
2023-01-11,600000.SH,142342.92
2023-01-11,600519.SH,143785.91
2023-01-11,000001.SZ,122250.85
2023-01-11,300750.SZ,396083.81
2023-01-11,601318.SH,301835.29
2023-01-11,000858.SZ,347234.38
2023-01-11,002594.SZ,126114.73
2023-01-11,600036.SH,142067.77
2023-01-12,600000.SH,132838.46
2023-01-12,600519.SH,192688.3
2023-01-12,000001.SZ,151804.77
2023-01-12,300750.SZ,285601.14
2023-01-12,601318.SH,265360.36
2023-01-12,000858.SZ,311779.12
2023-01-12,002594.SZ,168668.59
2023-01-12,600036.SH,154801.38
2023-01-13,600000.SH,261564.39
2023-01-13,600519.SH,222492.42
2023-01-13,000001.SZ,176536.88
2023-01-13,300750.SZ,236945.37
2023-01-13,601318.SH,135121.77
2023-01-13,000858.SZ,233758.95
2023-01-13,002594.SZ,173206.66
2023-01-13,600036.SH,324511.25
2023-01-16,600000.SH,121111.19
2023-01-16,600519.SH,232787.71
2023-01-16,000001.SZ,328100.56
2023-01-16,300750.SZ,216340.52
2023-01-16,601318.SH,180474.75
2023-01-16,000858.SZ,147010.87
2023-01-16,002594.SZ,261664.39
2023-01-16,600036.SH,215668.68
2023-01-17,600000.SH,235353.67
2023-01-17,600519.SH,137842.0
2023-01-17,000001.SZ,132127.83
2023-01-17,300750.SZ,185322.41
2023-01-17,601318.SH,215980.55
2023-01-17,000858.SZ,135566.48
2023-01-17,002594.SZ,175603.19
2023-01-17,600036.SH,327216.11
2023-01-18,600000.SH,272797.34
2023-01-18,600519.SH,164241.77
2023-01-18,000001.SZ,360428.31
2023-01-18,300750.SZ,144064.01
2023-01-18,601318.SH,128473.68
2023-01-18,000858.SZ,114913.93
2023-01-18,002594.SZ,308294.8
2023-01-18,600036.SH,213794.0
2023-01-19,600000.SH,355771.75
2023-01-19,600519.SH,131863.66
2023-01-19,000001.SZ,181779.36
2023-01-19,300750.SZ,188216.1
2023-01-19,601318.SH,127146.55
2023-01-19,000858.SZ,309688.51
2023-01-19,002594.SZ,183954.83
2023-01-19,600036.SH,111762.79
2023-01-20,600000.SH,190986.21
2023-01-20,600519.SH,168267.83
2023-01-20,000001.SZ,253157.01
2023-01-20,300750.SZ,113117.28
2023-01-20,601318.SH,386336.7
2023-01-20,000858.SZ,196052.14
2023-01-20,002594.SZ,214079.49
2023-01-20,600036.SH,309443.42
2023-01-23,600000.SH,261286.51
2023-01-23,600519.SH,224594.98
2023-01-23,000001.SZ,252043.6
2023-01-23,300750.SZ,253527.5
2023-01-23,601318.SH,245829.35
2023-01-23,000858.SZ,164712.34
2023-01-23,002594.SZ,273391.81
2023-01-23,600036.SH,146473.96
2023-01-24,600000.SH,331791.69
2023-01-24,600519.SH,170250.52
2023-01-24,000001.SZ,153296.5
2023-01-24,300750.SZ,187091.38
2023-01-24,601318.SH,145353.19
2023-01-24,000858.SZ,171713.12
2023-01-24,002594.SZ,309464.51
2023-01-24,600036.SH,118990.66
2023-01-25,600000.SH,219418.04
2023-01-25,600519.SH,137530.08
2023-01-25,000001.SZ,114527.75
2023-01-25,300750.SZ,145933.77
2023-01-25,601318.SH,305676.7
2023-01-25,000858.SZ,301926.09
2023-01-25,002594.SZ,210586.56
2023-01-25,600036.SH,132137.13
2023-01-26,600000.SH,302773.41
2023-01-26,600519.SH,255172.45
2023-01-26,000001.SZ,359683.86
2023-01-26,300750.SZ,261267.55
2023-01-26,601318.SH,279700.85
2023-01-26,000858.SZ,438475.01
2023-01-26,002594.SZ,210218.87
2023-01-26,600036.SH,105591.19
2023-01-27,600000.SH,224556.22
2023-01-27,600519.SH,148369.62
2023-01-27,000001.SZ,237430.02
2023-01-27,300750.SZ,318165.84
2023-01-27,601318.SH,305020.02
2023-01-27,000858.SZ,305543.1
2023-01-27,002594.SZ,105009.44
2023-01-27,600036.SH,496571.62
2023-01-30,600000.SH,301618.62
2023-01-30,600519.SH,197214.05
2023-01-30,000001.SZ,252695.59
2023-01-30,300750.SZ,270988.6
2023-01-30,601318.SH,88956.08
2023-01-30,000858.SZ,168493.35
2023-01-30,002594.SZ,275595.12
2023-01-30,600036.SH,214155.77
2023-01-31,600000.SH,212399.39
2023-01-31,600519.SH,273374.74
2023-01-31,000001.SZ,115894.49
2023-01-31,300750.SZ,187234.19
2023-01-31,601318.SH,302776.51
2023-01-31,000858.SZ,160828.42
2023-01-31,002594.SZ,196127.51
2023-01-31,600036.SH,301921.35
2023-02-01,600000.SH,346107.08
2023-02-01,600519.SH,152843.88
2023-02-01,000001.SZ,188491.27
2023-02-01,300750.SZ,188127.42
2023-02-01,601318.SH,192658.29
2023-02-01,000858.SZ,238552.09
2023-02-01,002594.SZ,237501.6
2023-02-01,600036.SH,269698.97
2023-02-02,600000.SH,216731.07
2023-02-02,600519.SH,247066.48
2023-02-02,000001.SZ,193122.33
2023-02-02,300750.SZ,161893.59
2023-02-02,601318.SH,144298.29
2023-02-02,000858.SZ,210914.45
2023-02-02,002594.SZ,304705.27
2023-02-02,600036.SH,260987.52
2023-02-03,600000.SH,331608.48
2023-02-03,600519.SH,190678.72
2023-02-03,000001.SZ,338977.08
2023-02-03,300750.SZ,320518.11
2023-02-03,601318.SH,187192.68
2023-02-03,000858.SZ,192356.93
2023-02-03,002594.SZ,154678.76
2023-02-03,600036.SH,136334.67
2023-02-06,600000.SH,182746.52
2023-02-06,600519.SH,132889.82
2023-02-06,000001.SZ,181304.57
2023-02-06,300750.SZ,150696.25
2023-02-06,601318.SH,310046.06
2023-02-06,000858.SZ,174349.98
2023-02-06,002594.SZ,161169.99
2023-02-06,600036.SH,459953.83
2023-02-07,600000.SH,188762.16
2023-02-07,600519.SH,154966.1
2023-02-07,000001.SZ,305093.4
2023-02-07,300750.SZ,216780.92
2023-02-07,601318.SH,164938.87
2023-02-07,000858.SZ,161782.4
2023-02-07,002594.SZ,246376.35
2023-02-07,600036.SH,244659.09
2023-02-08,600000.SH,256415.89
2023-02-08,600519.SH,226066.95
2023-02-08,000001.SZ,194330.08
2023-02-08,300750.SZ,112311.1
2023-02-08,601318.SH,125309.91
2023-02-08,000858.SZ,180288.13
2023-02-08,002594.SZ,182750.34
2023-02-08,600036.SH,187858.12
2023-02-09,600000.SH,202748.08
2023-02-09,600519.SH,279037.06
2023-02-09,000001.SZ,146224.58
2023-02-09,300750.SZ,283450.1
2023-02-09,601318.SH,555056.42
2023-02-09,000858.SZ,196144.51
2023-02-09,002594.SZ,311084.28
2023-02-09,600036.SH,310205.59
2023-02-10,600000.SH,231611.59
2023-02-10,600519.SH,285073.05
2023-02-10,000001.SZ,323770.92
2023-02-10,300750.SZ,359627.52
2023-02-10,601318.SH,129522.43
2023-02-10,000858.SZ,498547.03
2023-02-10,002594.SZ,236173.14
2023-02-10,600036.SH,321746.7
2023-02-13,600000.SH,250749.91
2023-02-13,600519.SH,133493.77
2023-02-13,000001.SZ,221964.82
2023-02-13,300750.SZ,116136.47
2023-02-13,601318.SH,406297.98
2023-02-13,000858.SZ,362068.01
2023-02-13,002594.SZ,91567.98
2023-02-13,600036.SH,381605.89
2023-02-14,600000.SH,560259.55
2023-02-14,600519.SH,174339.18
2023-02-14,000001.SZ,108468.73
2023-02-14,300750.SZ,286982.43
2023-02-14,601318.SH,170638.31
2023-02-14,000858.SZ,260477.83
2023-02-14,002594.SZ,130322.62
2023-02-14,600036.SH,107426.86
2023-02-15,600000.SH,194569.97
2023-02-15,600519.SH,135188.95
2023-02-15,000001.SZ,263002.63
2023-02-15,300750.SZ,260582.21
2023-02-15,601318.SH,190800.26
2023-02-15,000858.SZ,359704.49
2023-02-15,002594.SZ,237451.15
2023-02-15,600036.SH,258692.94
2023-02-16,600000.SH,137001.03
2023-02-16,600519.SH,171845.45
2023-02-16,000001.SZ,141341.74
2023-02-16,300750.SZ,155729.2
2023-02-16,601318.SH,128630.48
2023-02-16,000858.SZ,201385.53
2023-02-16,002594.SZ,165982.38
2023-02-16,600036.SH,224087.2
2023-02-17,600000.SH,139177.68
2023-02-17,600519.SH,120000.34
2023-02-17,000001.SZ,187464.03
2023-02-17,300750.SZ,337070.82
2023-02-17,601318.SH,103120.07
2023-02-17,000858.SZ,358002.92
2023-02-17,002594.SZ,284185.38
2023-02-17,600036.SH,215081.26
2023-02-20,600000.SH,233696.56
2023-02-20,600519.SH,202380.55
2023-02-20,000001.SZ,290585.41
2023-02-20,300750.SZ,197758.08
2023-02-20,601318.SH,276182.64
2023-02-20,000858.SZ,293392.44
2023-02-20,002594.SZ,266515.44
2023-02-20,600036.SH,296287.99
2023-02-21,600000.SH,512056.86
2023-02-21,600519.SH,140019.54
2023-02-21,000001.SZ,432022.18
2023-02-21,300750.SZ,115446.13
2023-02-21,601318.SH,131512.42
2023-02-21,000858.SZ,125664.72
2023-02-21,002594.SZ,261172.86
2023-02-21,600036.SH,160209.13
2023-02-22,600000.SH,414494.31
2023-02-22,600519.SH,325946.62
2023-02-22,000001.SZ,105684.05
2023-02-22,300750.SZ,322742.48
2023-02-22,601318.SH,360229.16
2023-02-22,000858.SZ,220211.02
2023-02-22,002594.SZ,122821.17
2023-02-22,600036.SH,477439.49
2023-02-23,600000.SH,551989.52
2023-02-23,600519.SH,188629.04
2023-02-23,000001.SZ,215369.12
2023-02-23,300750.SZ,268601.27
2023-02-23,601318.SH,124435.37
2023-02-23,000858.SZ,206977.3
2023-02-23,002594.SZ,219953.13
2023-02-23,600036.SH,224183.35
2023-02-24,600000.SH,270646.75
2023-02-24,600519.SH,143986.16
2023-02-24,000001.SZ,210808.33
2023-02-24,300750.SZ,153368.93
2023-02-24,601318.SH,163833.01
2023-02-24,000858.SZ,107969.73
2023-02-24,002594.SZ,167153.99
2023-02-24,600036.SH,171175.0
2023-02-27,600000.SH,163328.52
2023-02-27,600519.SH,163936.05
2023-02-27,000001.SZ,378521.65
2023-02-27,300750.SZ,185677.7
2023-02-27,601318.SH,269670.52
2023-02-27,000858.SZ,182905.51
2023-02-27,002594.SZ,158672.34
2023-02-27,600036.SH,141477.63
2023-02-28,600000.SH,364067.38
2023-02-28,600519.SH,118781.0
2023-02-28,000001.SZ,109170.26
2023-02-28,300750.SZ,136223.28
2023-02-28,601318.SH,308557.46
2023-02-28,000858.SZ,165633.23
2023-02-28,002594.SZ,257096.42
2023-02-28,600036.SH,217671.49
2023-03-01,600000.SH,222889.25
2023-03-01,600519.SH,212423.32
2023-03-01,000001.SZ,155313.6
2023-03-01,300750.SZ,123210.49
2023-03-01,601318.SH,422683.3
2023-03-01,000858.SZ,156930.99
2023-03-01,002594.SZ,365066.54
2023-03-01,600036.SH,138830.44
2023-03-02,600000.SH,136771.8
2023-03-02,600519.SH,150387.96
2023-03-02,000001.SZ,121556.85
2023-03-02,300750.SZ,152664.23
2023-03-02,601318.SH,285591.89
2023-03-02,000858.SZ,233455.85
2023-03-02,002594.SZ,259944.08
2023-03-02,600036.SH,152855.13
2023-03-03,600000.SH,340954.36
2023-03-03,600519.SH,173938.3
2023-03-03,000001.SZ,166556.17
2023-03-03,300750.SZ,291874.79
2023-03-03,601318.SH,149722.24
2023-03-03,000858.SZ,298923.53
2023-03-03,002594.SZ,248473.22
2023-03-03,600036.SH,181973.99
2023-03-06,600000.SH,217995.41
2023-03-06,600519.SH,125073.21
2023-03-06,000001.SZ,243757.23
2023-03-06,300750.SZ,172875.06
2023-03-06,601318.SH,482973.3
2023-03-06,000858.SZ,357885.31
2023-03-06,002594.SZ,201733.57
2023-03-06,600036.SH,309114.11
2023-03-07,600000.SH,157150.02
2023-03-07,600519.SH,172045.18
2023-03-07,000001.SZ,163683.65
2023-03-07,300750.SZ,227182.33
2023-03-07,601318.SH,179236.71
2023-03-07,000858.SZ,206658.22
2023-03-07,002594.SZ,351856.79
2023-03-07,600036.SH,153374.34
2023-03-08,600000.SH,182633.07
2023-03-08,600519.SH,182737.42
2023-03-08,000001.SZ,324938.02
2023-03-08,300750.SZ,404520.7
2023-03-08,601318.SH,205778.01
2023-03-08,000858.SZ,321592.37
2023-03-08,002594.SZ,162048.88
2023-03-08,600036.SH,343170.58
2023-03-09,600000.SH,345655.36
2023-03-09,600519.SH,182014.79
2023-03-09,000001.SZ,396924.5
2023-03-09,300750.SZ,241481.14
2023-03-09,601318.SH,103424.3
2023-03-09,000858.SZ,143741.03
2023-03-09,002594.SZ,213078.05
2023-03-09,600036.SH,172732.15
2023-03-10,600000.SH,223997.03
2023-03-10,600519.SH,225041.33
2023-03-10,000001.SZ,237074.11
2023-03-10,300750.SZ,245832.87
2023-03-10,601318.SH,142251.48
2023-03-10,000858.SZ,419169.06
2023-03-10,002594.SZ,124005.67
2023-03-10,600036.SH,212796.72
2023-03-13,600000.SH,159819.99
2023-03-13,600519.SH,269928.78
2023-03-13,000001.SZ,156822.03
2023-03-13,300750.SZ,239537.06
2023-03-13,601318.SH,130022.54
2023-03-13,000858.SZ,213703.04
2023-03-13,002594.SZ,429201.08
2023-03-13,600036.SH,160628.92
2023-03-14,600000.SH,256128.71
2023-03-14,600519.SH,108649.82
2023-03-14,000001.SZ,420941.23
2023-03-14,300750.SZ,128915.04
2023-03-14,601318.SH,530516.27
2023-03-14,000858.SZ,225044.15
2023-03-14,002594.SZ,176858.52
2023-03-14,600036.SH,538584.24
2023-03-15,600000.SH,292989.16
2023-03-15,600519.SH,394255.56
2023-03-15,000001.SZ,233827.1
2023-03-15,300750.SZ,158159.19
2023-03-15,601318.SH,155285.75
2023-03-15,000858.SZ,177221.59
2023-03-15,002594.SZ,385716.66
2023-03-15,600036.SH,190884.92
2023-03-16,600000.SH,116405.9
2023-03-16,600519.SH,173137.69
2023-03-16,000001.SZ,278313.25
2023-03-16,300750.SZ,500488.03
2023-03-16,601318.SH,153876.21
2023-03-16,000858.SZ,290785.43
2023-03-16,002594.SZ,164886.61
2023-03-16,600036.SH,337289.11
2023-03-17,600000.SH,339433.52
2023-03-17,600519.SH,254653.15
2023-03-17,000001.SZ,309980.9
2023-03-17,300750.SZ,531809.08
2023-03-17,601318.SH,105917.78
2023-03-17,000858.SZ,199744.43
2023-03-17,002594.SZ,213808.75
2023-03-17,600036.SH,241770.23
2023-03-20,600000.SH,178372.71
2023-03-20,600519.SH,86806.54
2023-03-20,000001.SZ,228409.3
2023-03-20,300750.SZ,326663.21
2023-03-20,601318.SH,245833.63
2023-03-20,000858.SZ,420690.8
2023-03-20,002594.SZ,225338.98
2023-03-20,600036.SH,301831.23
2023-03-21,600000.SH,367453.68
2023-03-21,600519.SH,200380.33
2023-03-21,000001.SZ,235786.6
2023-03-21,300750.SZ,189673.47
2023-03-21,601318.SH,326079.1
2023-03-21,000858.SZ,161190.83
2023-03-21,002594.SZ,347441.85
2023-03-21,600036.SH,130596.35
2023-03-22,600000.SH,190678.93
2023-03-22,600519.SH,211088.96
2023-03-22,000001.SZ,189850.78
2023-03-22,300750.SZ,260637.24
2023-03-22,601318.SH,252545.75
2023-03-22,000858.SZ,163158.64
2023-03-22,002594.SZ,393783.81
2023-03-22,600036.SH,250277.99
2023-03-23,600000.SH,113227.12
2023-03-23,600519.SH,127886.93
2023-03-23,000001.SZ,136571.74
2023-03-23,300750.SZ,289556.4
2023-03-23,601318.SH,224480.18
2023-03-23,000858.SZ,216137.64
2023-03-23,002594.SZ,205316.02
2023-03-23,600036.SH,469688.63
2023-03-24,600000.SH,243027.09
2023-03-24,600519.SH,144822.32
2023-03-24,000001.SZ,161761.16
2023-03-24,300750.SZ,263515.27
2023-03-24,601318.SH,183368.74
2023-03-24,000858.SZ,116078.57
2023-03-24,002594.SZ,144844.74
2023-03-24,600036.SH,110271.44
2023-03-27,600000.SH,131836.8
2023-03-27,600519.SH,144513.95
2023-03-27,000001.SZ,312249.9
2023-03-27,300750.SZ,235159.79
2023-03-27,601318.SH,566298.25
2023-03-27,000858.SZ,153045.22
2023-03-27,002594.SZ,92163.23
2023-03-27,600036.SH,289152.88
2023-03-28,600000.SH,187744.79
2023-03-28,600519.SH,169666.62
2023-03-28,000001.SZ,158759.83
2023-03-28,300750.SZ,353338.58
2023-03-28,601318.SH,203871.01
2023-03-28,000858.SZ,115119.15
2023-03-28,002594.SZ,135210.35
2023-03-28,600036.SH,166029.19
2023-03-29,600000.SH,293127.55
2023-03-29,600519.SH,408653.57
2023-03-29,000001.SZ,324873.49
2023-03-29,300750.SZ,283878.72
2023-03-29,601318.SH,255817.11
2023-03-29,000858.SZ,165913.05
2023-03-29,002594.SZ,427400.08
2023-03-29,600036.SH,258687.93
2023-03-30,600000.SH,268681.29
2023-03-30,600519.SH,214864.16
2023-03-30,000001.SZ,249238.97
2023-03-30,300750.SZ,146793.37
2023-03-30,601318.SH,307530.56
2023-03-30,000858.SZ,360072.25
2023-03-30,002594.SZ,179639.14
2023-03-30,600036.SH,235402.26
2023-03-31,600000.SH,156521.81
2023-03-31,600519.SH,167975.26
2023-03-31,000001.SZ,170526.48
2023-03-31,300750.SZ,258328.37
2023-03-31,601318.SH,226168.11
2023-03-31,000858.SZ,217912.43
2023-03-31,002594.SZ,127884.81
2023-03-31,600036.SH,417506.93
2023-04-03,600000.SH,226641.19
2023-04-03,600519.SH,127665.57
2023-04-03,000001.SZ,240608.46
2023-04-03,300750.SZ,139099.36
2023-04-03,601318.SH,100843.74
2023-04-03,000858.SZ,181641.0
2023-04-03,002594.SZ,519611.93
2023-04-03,600036.SH,141800.16
2023-04-04,600000.SH,225768.0
2023-04-04,600519.SH,118748.42
2023-04-04,000001.SZ,220842.7
2023-04-04,300750.SZ,193367.86
2023-04-04,601318.SH,216131.21
2023-04-04,000858.SZ,135434.08
2023-04-04,002594.SZ,199983.84
2023-04-04,600036.SH,291987.47
2023-04-05,600000.SH,160020.45
2023-04-05,600519.SH,330320.01
2023-04-05,000001.SZ,189516.6
2023-04-05,300750.SZ,98307.79
2023-04-05,601318.SH,218246.42
2023-04-05,000858.SZ,138503.89
2023-04-05,002594.SZ,244315.16
2023-04-05,600036.SH,117989.01
2023-04-06,600000.SH,200369.05
2023-04-06,600519.SH,165701.27
2023-04-06,000001.SZ,400188.51
2023-04-06,300750.SZ,138980.92
2023-04-06,601318.SH,198242.9
2023-04-06,000858.SZ,119354.04
2023-04-06,002594.SZ,364286.16
2023-04-06,600036.SH,248118.39
2023-04-07,600000.SH,226262.84
2023-04-07,600519.SH,228877.59
2023-04-07,000001.SZ,164886.89
2023-04-07,300750.SZ,193799.09
2023-04-07,601318.SH,149011.01
2023-04-07,000858.SZ,292043.21
2023-04-07,002594.SZ,176716.62
2023-04-07,600036.SH,195071.15
2023-04-10,600000.SH,237528.29
2023-04-10,600519.SH,281126.62
2023-04-10,000001.SZ,131795.88
2023-04-10,300750.SZ,375366.38
2023-04-10,601318.SH,155626.79
2023-04-10,000858.SZ,259358.65
2023-04-10,002594.SZ,323738.55
2023-04-10,600036.SH,109794.27
2023-04-11,600000.SH,109643.6
2023-04-11,600519.SH,131886.28
2023-04-11,000001.SZ,147392.93
2023-04-11,300750.SZ,355448.54
2023-04-11,601318.SH,189768.98
2023-04-11,000858.SZ,318756.85
2023-04-11,002594.SZ,152763.84
2023-04-11,600036.SH,132299.3
2023-04-12,600000.SH,128235.31
2023-04-12,600519.SH,225040.36
2023-04-12,000001.SZ,248881.9
2023-04-12,300750.SZ,139997.82
2023-04-12,601318.SH,177587.02
2023-04-12,000858.SZ,186716.34
2023-04-12,002594.SZ,152938.75
2023-04-12,600036.SH,254716.55
2023-04-13,600000.SH,185854.28
2023-04-13,600519.SH,113831.64
2023-04-13,000001.SZ,201105.04
2023-04-13,300750.SZ,261879.77
2023-04-13,601318.SH,274026.41
2023-04-13,000858.SZ,151199.77
2023-04-13,002594.SZ,379425.66
2023-04-13,600036.SH,277023.16
2023-04-14,600000.SH,191340.0
2023-04-14,600519.SH,195692.5
2023-04-14,000001.SZ,148043.67
2023-04-14,300750.SZ,632479.19
2023-04-14,601318.SH,150573.11
2023-04-14,000858.SZ,181961.97
2023-04-14,002594.SZ,229397.73
2023-04-14,600036.SH,137867.91
2023-04-17,600000.SH,173961.05
2023-04-17,600519.SH,180074.76
2023-04-17,000001.SZ,406631.92
2023-04-17,300750.SZ,227006.09
2023-04-17,601318.SH,182071.59
2023-04-17,000858.SZ,285353.89
2023-04-17,002594.SZ,144099.8
2023-04-17,600036.SH,175284.63
2023-04-18,600000.SH,269194.82
2023-04-18,600519.SH,126060.39
2023-04-18,000001.SZ,138223.06
2023-04-18,300750.SZ,182098.38
2023-04-18,601318.SH,149790.69
2023-04-18,000858.SZ,620205.67
2023-04-18,002594.SZ,206514.98
2023-04-18,600036.SH,233918.39
2023-04-19,600000.SH,231764.64
2023-04-19,600519.SH,123849.45
2023-04-19,000001.SZ,127423.66
2023-04-19,300750.SZ,152077.41
2023-04-19,601318.SH,225626.72
2023-04-19,000858.SZ,430607.51
2023-04-19,002594.SZ,198008.29
2023-04-19,600036.SH,317377.92
2023-04-20,600000.SH,158601.33
2023-04-20,600519.SH,224082.18
2023-04-20,000001.SZ,126010.6
2023-04-20,300750.SZ,456598.09
2023-04-20,601318.SH,223863.8
2023-04-20,000858.SZ,320002.35
2023-04-20,002594.SZ,312101.08
2023-04-20,600036.SH,260031.39
2023-04-21,600000.SH,213961.57
2023-04-21,600519.SH,135377.71
2023-04-21,000001.SZ,175366.62
2023-04-21,300750.SZ,247320.27
2023-04-21,601318.SH,509953.61
2023-04-21,000858.SZ,229184.53
2023-04-21,002594.SZ,85541.08
2023-04-21,600036.SH,199012.35
2023-04-24,600000.SH,194756.33
2023-04-24,600519.SH,138377.73
2023-04-24,000001.SZ,114308.24
2023-04-24,300750.SZ,250799.34
2023-04-24,601318.SH,208297.45
2023-04-24,000858.SZ,168220.73
2023-04-24,002594.SZ,149108.9
2023-04-24,600036.SH,424383.09
2023-04-25,600000.SH,444371.85
2023-04-25,600519.SH,182538.58
2023-04-25,000001.SZ,186618.3
2023-04-25,300750.SZ,103372.68
2023-04-25,601318.SH,189978.63
2023-04-25,000858.SZ,172275.18
2023-04-25,002594.SZ,112951.66
2023-04-25,600036.SH,158481.01
2023-04-26,600000.SH,357519.75
2023-04-26,600519.SH,229834.57
2023-04-26,000001.SZ,190664.73
2023-04-26,300750.SZ,178998.45
2023-04-26,601318.SH,188988.46
2023-04-26,000858.SZ,440413.7
2023-04-26,002594.SZ,385876.01
2023-04-26,600036.SH,227440.16
2023-04-27,600000.SH,363965.08
2023-04-27,600519.SH,333806.78
2023-04-27,000001.SZ,167838.74
2023-04-27,300750.SZ,171368.84
2023-04-27,601318.SH,168331.88
2023-04-27,000858.SZ,421573.68
2023-04-27,002594.SZ,155981.27
2023-04-27,600036.SH,213825.51
2023-04-28,600000.SH,287011.29
2023-04-28,600519.SH,285591.83
2023-04-28,000001.SZ,183713.21
2023-04-28,300750.SZ,316200.58
2023-04-28,601318.SH,248663.21
2023-04-28,000858.SZ,323614.32
2023-04-28,002594.SZ,270893.35
2023-04-28,600036.SH,135618.85
2023-05-01,600000.SH,310309.54
2023-05-01,600519.SH,607235.24
2023-05-01,000001.SZ,212116.38
2023-05-01,300750.SZ,326897.13
2023-05-01,601318.SH,347989.64
2023-05-01,000858.SZ,255360.0
2023-05-01,002594.SZ,182462.71
2023-05-01,600036.SH,203761.99
2023-05-02,600000.SH,166547.42
2023-05-02,600519.SH,424165.81
2023-05-02,000001.SZ,364524.24
2023-05-02,300750.SZ,279194.96
2023-05-02,601318.SH,206380.92
2023-05-02,000858.SZ,189944.47
2023-05-02,002594.SZ,311057.58
2023-05-02,600036.SH,261102.75
2023-05-03,600000.SH,161488.27
2023-05-03,600519.SH,165514.08
2023-05-03,000001.SZ,136331.35
2023-05-03,300750.SZ,152566.54
2023-05-03,601318.SH,267060.92
2023-05-03,000858.SZ,253548.0
2023-05-03,002594.SZ,161088.72
2023-05-03,600036.SH,573821.99
2023-05-04,600000.SH,135389.66
2023-05-04,600519.SH,214284.18
2023-05-04,000001.SZ,302583.57
2023-05-04,300750.SZ,149953.45
2023-05-04,601318.SH,239541.38
2023-05-04,000858.SZ,245736.14
2023-05-04,002594.SZ,182725.81
2023-05-04,600036.SH,297315.14
2023-05-05,600000.SH,158902.24
2023-05-05,600519.SH,286397.57
2023-05-05,000001.SZ,150587.88
2023-05-05,300750.SZ,300845.1
2023-05-05,601318.SH,134990.06
2023-05-05,000858.SZ,206403.53
2023-05-05,002594.SZ,227497.13
2023-05-05,600036.SH,169312.89
2023-05-08,600000.SH,105875.49
2023-05-08,600519.SH,291992.71
2023-05-08,000001.SZ,221907.28
2023-05-08,300750.SZ,199182.1
2023-05-08,601318.SH,233972.8
2023-05-08,000858.SZ,310833.99
2023-05-08,002594.SZ,170467.91
2023-05-08,600036.SH,223576.29
2023-05-09,600000.SH,139551.94
2023-05-09,600519.SH,286222.06
2023-05-09,000001.SZ,263505.58
2023-05-09,300750.SZ,336948.48
2023-05-09,601318.SH,487244.13
2023-05-09,000858.SZ,158242.05
2023-05-09,002594.SZ,149287.91
2023-05-09,600036.SH,368852.39
2023-05-10,600000.SH,289433.39
2023-05-10,600519.SH,233328.49
2023-05-10,000001.SZ,226391.31
2023-05-10,300750.SZ,253544.13
2023-05-10,601318.SH,362509.12
2023-05-10,000858.SZ,294934.75
2023-05-10,002594.SZ,265075.13
2023-05-10,600036.SH,123398.09
2023-05-11,600000.SH,360998.73
2023-05-11,600519.SH,424033.48
2023-05-11,000001.SZ,179016.14
2023-05-11,300750.SZ,335559.78
2023-05-11,601318.SH,182377.32
2023-05-11,000858.SZ,139444.36
2023-05-11,002594.SZ,193959.47
2023-05-11,600036.SH,109308.94
2023-05-12,600000.SH,216851.91
2023-05-12,600519.SH,127779.61
2023-05-12,000001.SZ,334969.59
2023-05-12,300750.SZ,210216.82
2023-05-12,601318.SH,353514.47
2023-05-12,000858.SZ,149408.19
2023-05-12,002594.SZ,172795.36
2023-05-12,600036.SH,200950.74
2023-05-15,600000.SH,132669.95
2023-05-15,600519.SH,161850.15
2023-05-15,000001.SZ,132092.47
2023-05-15,300750.SZ,130873.86
2023-05-15,601318.SH,200775.63
2023-05-15,000858.SZ,235973.32
2023-05-15,002594.SZ,156690.04
2023-05-15,600036.SH,191766.8
2023-05-16,600000.SH,143742.06
2023-05-16,600519.SH,368642.17
2023-05-16,000001.SZ,125948.14
2023-05-16,300750.SZ,260106.27
2023-05-16,601318.SH,259017.21
2023-05-16,000858.SZ,103775.29
2023-05-16,002594.SZ,260107.17
2023-05-16,600036.SH,179850.38
2023-05-17,600000.SH,300563.8
2023-05-17,600519.SH,220716.96
2023-05-17,000001.SZ,136637.48
2023-05-17,300750.SZ,153436.59
2023-05-17,601318.SH,208214.73
2023-05-17,000858.SZ,308746.84
2023-05-17,002594.SZ,350056.24
2023-05-17,600036.SH,300015.48
2023-05-18,600000.SH,187468.45
2023-05-18,600519.SH,238388.96
2023-05-18,000001.SZ,214329.86
2023-05-18,300750.SZ,151017.69
2023-05-18,601318.SH,218168.21
2023-05-18,000858.SZ,279328.31
2023-05-18,002594.SZ,167817.94
2023-05-18,600036.SH,285615.8
2023-05-19,600000.SH,174766.63
2023-05-19,600519.SH,118291.47
2023-05-19,000001.SZ,226070.87
2023-05-19,300750.SZ,281977.73
2023-05-19,601318.SH,135860.07
2023-05-19,000858.SZ,313599.88
2023-05-19,002594.SZ,518293.87
2023-05-19,600036.SH,246832.08
2023-05-22,600000.SH,240993.9
2023-05-22,600519.SH,312111.2
2023-05-22,000001.SZ,179573.51
2023-05-22,300750.SZ,159884.87
2023-05-22,601318.SH,160676.56
2023-05-22,000858.SZ,167797.49
2023-05-22,002594.SZ,205913.94
2023-05-22,600036.SH,210846.77
2023-05-23,600000.SH,130742.25
2023-05-23,600519.SH,471089.67
2023-05-23,000001.SZ,116731.05
2023-05-23,300750.SZ,170169.59
2023-05-23,601318.SH,221026.67
2023-05-23,000858.SZ,116556.79
2023-05-23,002594.SZ,213501.21
2023-05-23,600036.SH,606539.98
2023-05-24,600000.SH,293866.06
2023-05-24,600519.SH,156852.92
2023-05-24,000001.SZ,392917.51
2023-05-24,300750.SZ,89951.86
2023-05-24,601318.SH,255517.99
2023-05-24,000858.SZ,330668.0
2023-05-24,002594.SZ,325125.39
2023-05-24,600036.SH,207520.02
2023-05-25,600000.SH,223770.88
2023-05-25,600519.SH,222559.28
2023-05-25,000001.SZ,359964.02
2023-05-25,300750.SZ,141535.76
2023-05-25,601318.SH,207933.3
2023-05-25,000858.SZ,136236.71
2023-05-25,002594.SZ,247820.57
2023-05-25,600036.SH,141609.24
2023-05-26,600000.SH,325515.56
2023-05-26,600519.SH,174698.2
2023-05-26,000001.SZ,401907.83
2023-05-26,300750.SZ,134610.1
2023-05-26,601318.SH,199523.32
2023-05-26,000858.SZ,319078.66
2023-05-26,002594.SZ,116129.77
2023-05-26,600036.SH,362542.54
2023-05-29,600000.SH,400345.12
2023-05-29,600519.SH,127827.39
2023-05-29,000001.SZ,243659.69
2023-05-29,300750.SZ,208259.46
2023-05-29,601318.SH,154032.4
2023-05-29,000858.SZ,105717.15
2023-05-29,002594.SZ,222292.59
2023-05-29,600036.SH,106034.07
2023-05-30,600000.SH,427712.4
2023-05-30,600519.SH,130182.94
2023-05-30,000001.SZ,127082.58
2023-05-30,300750.SZ,233815.87
2023-05-30,601318.SH,156547.84
2023-05-30,000858.SZ,274087.04
2023-05-30,002594.SZ,401548.42
2023-05-30,600036.SH,284509.79
2023-05-31,600000.SH,433959.81
2023-05-31,600519.SH,280027.4
2023-05-31,000001.SZ,306705.78
2023-05-31,300750.SZ,113500.07
2023-05-31,601318.SH,146549.11
2023-05-31,000858.SZ,217545.62
2023-05-31,002594.SZ,179463.02
2023-05-31,600036.SH,325036.42
2023-06-01,600000.SH,111033.33
2023-06-01,600519.SH,432353.39
2023-06-01,000001.SZ,272067.53
2023-06-01,300750.SZ,201671.83
2023-06-01,601318.SH,169952.19
2023-06-01,000858.SZ,233978.94
2023-06-01,002594.SZ,83243.46
2023-06-01,600036.SH,281105.87
2023-06-02,600000.SH,186353.66
2023-06-02,600519.SH,244081.48
2023-06-02,000001.SZ,267828.85
2023-06-02,300750.SZ,124176.65
2023-06-02,601318.SH,170258.07
2023-06-02,000858.SZ,164681.78
2023-06-02,002594.SZ,425859.41
2023-06-02,600036.SH,145885.02
2023-06-05,600000.SH,221503.7
2023-06-05,600519.SH,238329.53
2023-06-05,000001.SZ,162070.09
2023-06-05,300750.SZ,113158.45
2023-06-05,601318.SH,116063.32
2023-06-05,000858.SZ,113983.23
2023-06-05,002594.SZ,425150.05
2023-06-05,600036.SH,236284.09
2023-06-06,600000.SH,116958.33
2023-06-06,600519.SH,125780.47
2023-06-06,000001.SZ,304338.23
2023-06-06,300750.SZ,170035.22
2023-06-06,601318.SH,156638.34
2023-06-06,000858.SZ,199171.65
2023-06-06,002594.SZ,191277.7
2023-06-06,600036.SH,210579.59
2023-06-07,600000.SH,136716.26
2023-06-07,600519.SH,122406.63
2023-06-07,000001.SZ,171088.84
2023-06-07,300750.SZ,168325.5
2023-06-07,601318.SH,291293.39
2023-06-07,000858.SZ,127502.84
2023-06-07,002594.SZ,231062.24
2023-06-07,600036.SH,280263.84
2023-06-08,600000.SH,223089.63
2023-06-08,600519.SH,243527.06
2023-06-08,000001.SZ,211249.71
2023-06-08,300750.SZ,244426.45
2023-06-08,601318.SH,175781.56
2023-06-08,000858.SZ,413967.88
2023-06-08,002594.SZ,358343.5
2023-06-08,600036.SH,206628.45
2023-06-09,600000.SH,469422.05
2023-06-09,600519.SH,148863.23
2023-06-09,000001.SZ,105906.92
2023-06-09,300750.SZ,392361.17
2023-06-09,601318.SH,129097.05
2023-06-09,000858.SZ,252532.76
2023-06-09,002594.SZ,226174.62
2023-06-09,600036.SH,232817.58
2023-06-12,600000.SH,307725.04
2023-06-12,600519.SH,119663.77
2023-06-12,000001.SZ,287626.8
2023-06-12,300750.SZ,163630.64
2023-06-12,601318.SH,176585.08
2023-06-12,000858.SZ,130714.35
2023-06-12,002594.SZ,137563.86
2023-06-12,600036.SH,269899.25
2023-06-13,600000.SH,270658.41
2023-06-13,600519.SH,312340.89
2023-06-13,000001.SZ,148900.09
2023-06-13,300750.SZ,426387.01
2023-06-13,601318.SH,190393.39
2023-06-13,000858.SZ,150058.53
2023-06-13,002594.SZ,185084.68
2023-06-13,600036.SH,263258.67
2023-06-14,600000.SH,205582.95
2023-06-14,600519.SH,201031.94
2023-06-14,000001.SZ,215445.45
2023-06-14,300750.SZ,150521.11
2023-06-14,601318.SH,260544.93
2023-06-14,000858.SZ,420341.71
2023-06-14,002594.SZ,197946.15
2023-06-14,600036.SH,228558.94
2023-06-15,600000.SH,307627.78
2023-06-15,600519.SH,214741.28
2023-06-15,000001.SZ,239567.75
2023-06-15,300750.SZ,168897.24
2023-06-15,601318.SH,171250.55
2023-06-15,000858.SZ,356353.52
2023-06-15,002594.SZ,200322.22
2023-06-15,600036.SH,244680.89
2023-06-16,600000.SH,159600.92
2023-06-16,600519.SH,158530.7
2023-06-16,000001.SZ,121369.02
2023-06-16,300750.SZ,186357.31
2023-06-16,601318.SH,172085.47
2023-06-16,000858.SZ,185381.63
2023-06-16,002594.SZ,150417.41
2023-06-16,600036.SH,350300.79
2023-06-19,600000.SH,223867.18
2023-06-19,600519.SH,315694.56
2023-06-19,000001.SZ,269954.79
2023-06-19,300750.SZ,498703.09
2023-06-19,601318.SH,194453.55
2023-06-19,000858.SZ,393892.9
2023-06-19,002594.SZ,98395.73
2023-06-19,600036.SH,256178.02
2023-06-20,600000.SH,304520.74
2023-06-20,600519.SH,142595.62
2023-06-20,000001.SZ,250902.94
2023-06-20,300750.SZ,249262.77
2023-06-20,601318.SH,195026.01
2023-06-20,000858.SZ,121277.47
2023-06-20,002594.SZ,214937.26
2023-06-20,600036.SH,303472.71
2023-06-21,600000.SH,180101.02
2023-06-21,600519.SH,222417.08
2023-06-21,000001.SZ,131609.96
2023-06-21,300750.SZ,218241.89
2023-06-21,601318.SH,210180.28
2023-06-21,000858.SZ,209603.91
2023-06-21,002594.SZ,276748.34
2023-06-21,600036.SH,129065.37
2023-06-22,600000.SH,187908.25
2023-06-22,600519.SH,222074.49
2023-06-22,000001.SZ,190276.7
2023-06-22,300750.SZ,324181.87
2023-06-22,601318.SH,341380.86
2023-06-22,000858.SZ,194824.85
2023-06-22,002594.SZ,198431.62
2023-06-22,600036.SH,352417.83
2023-06-23,600000.SH,160268.49
2023-06-23,600519.SH,386730.15
2023-06-23,000001.SZ,155868.67
2023-06-23,300750.SZ,366681.88
2023-06-23,601318.SH,136914.22
2023-06-23,000858.SZ,120920.48
2023-06-23,002594.SZ,286417.86
2023-06-23,600036.SH,249878.72
2023-06-26,600000.SH,249581.68
2023-06-26,600519.SH,294472.44
2023-06-26,000001.SZ,218862.1
2023-06-26,300750.SZ,119396.83
2023-06-26,601318.SH,222313.54
2023-06-26,000858.SZ,231083.81
2023-06-26,002594.SZ,267555.61
2023-06-26,600036.SH,266253.9
2023-06-27,600000.SH,103363.17
2023-06-27,600519.SH,259664.77
2023-06-27,000001.SZ,134359.81
2023-06-27,300750.SZ,170200.1
2023-06-27,601318.SH,154804.31
2023-06-27,000858.SZ,258703.74
2023-06-27,002594.SZ,268551.88
2023-06-27,600036.SH,346986.78
2023-06-28,600000.SH,299599.36
2023-06-28,600519.SH,235067.81
2023-06-28,000001.SZ,166578.04
2023-06-28,300750.SZ,135356.46
2023-06-28,601318.SH,178340.28
2023-06-28,000858.SZ,114872.79
2023-06-28,002594.SZ,213912.72
2023-06-28,600036.SH,211936.61
2023-06-29,600000.SH,139377.42
2023-06-29,600519.SH,149181.41
2023-06-29,000001.SZ,176048.6
2023-06-29,300750.SZ,210930.83
2023-06-29,601318.SH,190804.76
2023-06-29,000858.SZ,200536.2
2023-06-29,002594.SZ,356925.57
2023-06-29,600036.SH,279796.02
2023-06-30,600000.SH,225722.74
2023-06-30,600519.SH,223970.42
2023-06-30,000001.SZ,246265.01
2023-06-30,300750.SZ,147387.71
2023-06-30,601318.SH,357305.72
2023-06-30,000858.SZ,208056.82
2023-06-30,002594.SZ,212843.0
2023-06-30,600036.SH,241490.48
2023-07-03,600000.SH,294747.71
2023-07-03,600519.SH,207689.1
2023-07-03,000001.SZ,128295.11
2023-07-03,300750.SZ,151904.0
2023-07-03,601318.SH,304007.91
2023-07-03,000858.SZ,295958.26
2023-07-03,002594.SZ,187311.99
2023-07-03,600036.SH,138841.09
2023-07-04,600000.SH,186338.7
2023-07-04,600519.SH,328528.03
2023-07-04,000001.SZ,230928.06
2023-07-04,300750.SZ,241556.86
2023-07-04,601318.SH,137157.84
2023-07-04,000858.SZ,182996.38
2023-07-04,002594.SZ,367737.43
2023-07-04,600036.SH,256890.38
2023-07-05,600000.SH,246442.33
2023-07-05,600519.SH,412203.45
2023-07-05,000001.SZ,421332.17
2023-07-05,300750.SZ,294054.4
2023-07-05,601318.SH,155668.36
2023-07-05,000858.SZ,475377.53
2023-07-05,002594.SZ,182340.99
2023-07-05,600036.SH,271158.95
2023-07-06,600000.SH,241949.98
2023-07-06,600519.SH,196352.22
2023-07-06,000001.SZ,269570.64
2023-07-06,300750.SZ,152321.17
2023-07-06,601318.SH,245189.54
2023-07-06,000858.SZ,218216.86
2023-07-06,002594.SZ,90328.52
2023-07-06,600036.SH,149270.48
2023-07-07,600000.SH,166606.46
2023-07-07,600519.SH,119526.39
2023-07-07,000001.SZ,182599.89
2023-07-07,300750.SZ,160916.44
2023-07-07,601318.SH,291254.49
2023-07-07,000858.SZ,256885.3
2023-07-07,002594.SZ,193435.74
2023-07-07,600036.SH,331942.94
2023-07-10,600000.SH,279140.14
2023-07-10,600519.SH,421141.81
2023-07-10,000001.SZ,220850.62
2023-07-10,300750.SZ,129328.81
2023-07-10,601318.SH,144701.79
2023-07-10,000858.SZ,221943.65
2023-07-10,002594.SZ,134070.85
2023-07-10,600036.SH,224746.13
2023-07-11,600000.SH,157377.56
2023-07-11,600519.SH,323018.75
2023-07-11,000001.SZ,454667.81
2023-07-11,300750.SZ,88547.07
2023-07-11,601318.SH,174740.0
2023-07-11,000858.SZ,293622.35
2023-07-11,002594.SZ,138989.79
2023-07-11,600036.SH,379804.54
2023-07-12,600000.SH,347091.47
2023-07-12,600519.SH,97512.46
2023-07-12,000001.SZ,135391.77
2023-07-12,300750.SZ,237567.99
2023-07-12,601318.SH,303475.84
2023-07-12,000858.SZ,107040.53
2023-07-12,002594.SZ,229820.47
2023-07-12,600036.SH,203208.77
2023-07-13,600000.SH,302382.75
2023-07-13,600519.SH,136554.27
2023-07-13,000001.SZ,175264.44
2023-07-13,300750.SZ,289342.45
2023-07-13,601318.SH,246186.5
2023-07-13,000858.SZ,147619.46
2023-07-13,002594.SZ,117255.69
2023-07-13,600036.SH,147115.44
2023-07-14,600000.SH,148351.79
2023-07-14,600519.SH,502096.13
2023-07-14,000001.SZ,250885.63
2023-07-14,300750.SZ,263491.32
2023-07-14,601318.SH,243990.89
2023-07-14,000858.SZ,317711.63
2023-07-14,002594.SZ,252994.08
2023-07-14,600036.SH,182632.7
2023-07-17,600000.SH,207404.12
2023-07-17,600519.SH,140136.55
2023-07-17,000001.SZ,168384.88
2023-07-17,300750.SZ,211185.21
2023-07-17,601318.SH,363140.13
2023-07-17,000858.SZ,545355.94
2023-07-17,002594.SZ,112988.88
2023-07-17,600036.SH,300966.61
2023-07-18,600000.SH,293889.14
2023-07-18,600519.SH,279198.69
2023-07-18,000001.SZ,127138.66
2023-07-18,300750.SZ,327363.21
2023-07-18,601318.SH,155874.68
2023-07-18,000858.SZ,165384.2
2023-07-18,002594.SZ,210966.37
2023-07-18,600036.SH,120443.12
2023-07-19,600000.SH,396708.06
2023-07-19,600519.SH,300881.05
2023-07-19,000001.SZ,181831.06
2023-07-19,300750.SZ,377045.09
2023-07-19,601318.SH,140561.59
2023-07-19,000858.SZ,324369.14
2023-07-19,002594.SZ,166331.71
2023-07-19,600036.SH,225179.51
2023-07-20,600000.SH,608894.04
2023-07-20,600519.SH,157064.57
2023-07-20,000001.SZ,128183.19
2023-07-20,300750.SZ,127503.8
2023-07-20,601318.SH,183935.73
2023-07-20,000858.SZ,247161.95
2023-07-20,002594.SZ,273248.48
2023-07-20,600036.SH,142480.15
2023-07-21,600000.SH,155893.11
2023-07-21,600519.SH,224304.11
2023-07-21,000001.SZ,104421.82
2023-07-21,300750.SZ,102766.47
2023-07-21,601318.SH,288833.17
2023-07-21,000858.SZ,145415.05
2023-07-21,002594.SZ,163308.67
2023-07-21,600036.SH,386305.73
2023-07-24,600000.SH,324480.01
2023-07-24,600519.SH,117195.71
2023-07-24,000001.SZ,328347.76
2023-07-24,300750.SZ,208994.64
2023-07-24,601318.SH,165786.58
2023-07-24,000858.SZ,402785.87
2023-07-24,002594.SZ,271366.47
2023-07-24,600036.SH,226298.58
2023-07-25,600000.SH,362286.45
2023-07-25,600519.SH,339974.48
2023-07-25,000001.SZ,165078.42
2023-07-25,300750.SZ,132544.32
2023-07-25,601318.SH,194811.72
2023-07-25,000858.SZ,130171.23
2023-07-25,002594.SZ,369118.8
2023-07-25,600036.SH,132767.74
2023-07-26,600000.SH,270880.21
2023-07-26,600519.SH,172280.51
2023-07-26,000001.SZ,466279.71
2023-07-26,300750.SZ,227843.43
2023-07-26,601318.SH,377590.13
2023-07-26,000858.SZ,166186.6
2023-07-26,002594.SZ,184443.75
2023-07-26,600036.SH,210649.89
2023-07-27,600000.SH,454151.73
2023-07-27,600519.SH,112529.06
2023-07-27,000001.SZ,187676.48
2023-07-27,300750.SZ,134104.8
2023-07-27,601318.SH,119148.4
2023-07-27,000858.SZ,267776.03
2023-07-27,002594.SZ,378040.11
2023-07-27,600036.SH,276139.04
2023-07-28,600000.SH,347151.37
2023-07-28,600519.SH,369827.81
2023-07-28,000001.SZ,230440.44
2023-07-28,300750.SZ,112982.06
2023-07-28,601318.SH,262817.78
2023-07-28,000858.SZ,416083.78
2023-07-28,002594.SZ,159718.19
2023-07-28,600036.SH,176052.81
2023-07-31,600000.SH,435329.17
2023-07-31,600519.SH,275208.35
2023-07-31,000001.SZ,112590.6
2023-07-31,300750.SZ,237876.04
2023-07-31,601318.SH,275795.92
2023-07-31,000858.SZ,308035.93
2023-07-31,002594.SZ,240805.75
2023-07-31,600036.SH,212393.1
2023-08-01,600000.SH,165553.95
2023-08-01,600519.SH,184481.7
2023-08-01,000001.SZ,184321.92
2023-08-01,300750.SZ,200158.59
2023-08-01,601318.SH,301346.99
2023-08-01,000858.SZ,253867.19
2023-08-01,002594.SZ,107339.8
2023-08-01,600036.SH,264312.37
2023-08-02,600000.SH,125542.9
2023-08-02,600519.SH,150014.82
2023-08-02,000001.SZ,368589.65
2023-08-02,300750.SZ,170968.7
2023-08-02,601318.SH,229975.79
2023-08-02,000858.SZ,377308.77
2023-08-02,002594.SZ,252286.61
2023-08-02,600036.SH,199088.83
2023-08-03,600000.SH,179967.87
2023-08-03,600519.SH,262598.3
2023-08-03,000001.SZ,332648.65
2023-08-03,300750.SZ,174825.81
2023-08-03,601318.SH,148750.32
2023-08-03,000858.SZ,406629.13
2023-08-03,002594.SZ,152071.14
2023-08-03,600036.SH,342052.64
2023-08-04,600000.SH,172930.57
2023-08-04,600519.SH,266559.43
2023-08-04,000001.SZ,197317.84
2023-08-04,300750.SZ,283437.93
2023-08-04,601318.SH,262304.76
2023-08-04,000858.SZ,271289.39
2023-08-04,002594.SZ,117770.19
2023-08-04,600036.SH,203987.3
2023-08-07,600000.SH,223924.56
2023-08-07,600519.SH,206360.57
2023-08-07,000001.SZ,292911.08
2023-08-07,300750.SZ,246512.83
2023-08-07,601318.SH,261077.72
2023-08-07,000858.SZ,228836.65
2023-08-07,002594.SZ,363185.34
2023-08-07,600036.SH,413260.58
2023-08-08,600000.SH,121923.16
2023-08-08,600519.SH,349478.17
2023-08-08,000001.SZ,161451.92
2023-08-08,300750.SZ,450844.98
2023-08-08,601318.SH,244026.59
2023-08-08,000858.SZ,266509.11
2023-08-08,002594.SZ,222653.36
2023-08-08,600036.SH,182450.18
2023-08-09,600000.SH,154249.74
2023-08-09,600519.SH,125342.67
2023-08-09,000001.SZ,185091.3
2023-08-09,300750.SZ,205784.88
2023-08-09,601318.SH,207094.31
2023-08-09,000858.SZ,252596.66
2023-08-09,002594.SZ,236866.96
2023-08-09,600036.SH,144464.12
2023-08-10,600000.SH,191561.61
2023-08-10,600519.SH,177440.8
2023-08-10,000001.SZ,195879.28
2023-08-10,300750.SZ,185887.77
2023-08-10,601318.SH,202755.12
2023-08-10,000858.SZ,319969.41
2023-08-10,002594.SZ,164685.12
2023-08-10,600036.SH,124316.46
2023-08-11,600000.SH,166023.43
2023-08-11,600519.SH,205370.92
2023-08-11,000001.SZ,425734.37
2023-08-11,300750.SZ,256604.52
2023-08-11,601318.SH,141995.22
2023-08-11,000858.SZ,123130.41
2023-08-11,002594.SZ,205036.24
2023-08-11,600036.SH,259388.6
2023-08-14,600000.SH,278308.21
2023-08-14,600519.SH,343343.08
2023-08-14,000001.SZ,193228.89
2023-08-14,300750.SZ,241694.67
2023-08-14,601318.SH,245664.21
2023-08-14,000858.SZ,193290.52
2023-08-14,002594.SZ,213569.5
2023-08-14,600036.SH,109796.58
2023-08-15,600000.SH,151095.11
2023-08-15,600519.SH,153635.64
2023-08-15,000001.SZ,311915.7
2023-08-15,300750.SZ,531410.0
2023-08-15,601318.SH,224386.79
2023-08-15,000858.SZ,285993.06
2023-08-15,002594.SZ,193652.41
2023-08-15,600036.SH,427289.14
2023-08-16,600000.SH,168275.41
2023-08-16,600519.SH,103493.8
2023-08-16,000001.SZ,271827.69
2023-08-16,300750.SZ,203811.82
2023-08-16,601318.SH,176641.6
2023-08-16,000858.SZ,261580.62
2023-08-16,002594.SZ,113039.76
2023-08-16,600036.SH,494414.41
2023-08-17,600000.SH,403215.52
2023-08-17,600519.SH,371280.56
2023-08-17,000001.SZ,163447.83
2023-08-17,300750.SZ,210376.28
2023-08-17,601318.SH,187057.07
2023-08-17,000858.SZ,160815.98
2023-08-17,002594.SZ,186681.62
2023-08-17,600036.SH,287696.44
2023-08-18,600000.SH,451110.25
2023-08-18,600519.SH,157418.51
2023-08-18,000001.SZ,287164.28
2023-08-18,300750.SZ,384598.62
2023-08-18,601318.SH,156042.24
2023-08-18,000858.SZ,225996.3
2023-08-18,002594.SZ,175014.0
2023-08-18,600036.SH,145762.37
2023-08-21,600000.SH,156538.9
2023-08-21,600519.SH,311688.33
2023-08-21,000001.SZ,269280.58
2023-08-21,300750.SZ,424136.53
2023-08-21,601318.SH,522095.22
2023-08-21,000858.SZ,101123.8
2023-08-21,002594.SZ,389296.72
2023-08-21,600036.SH,526930.66
2023-08-22,600000.SH,193897.98
2023-08-22,600519.SH,349581.69
2023-08-22,000001.SZ,329062.48
2023-08-22,300750.SZ,264215.62
2023-08-22,601318.SH,97331.11
2023-08-22,000858.SZ,348633.33
2023-08-22,002594.SZ,165043.66
2023-08-22,600036.SH,217857.16
2023-08-23,600000.SH,186910.81
2023-08-23,600519.SH,392260.99
2023-08-23,000001.SZ,220763.76
2023-08-23,300750.SZ,213347.51
2023-08-23,601318.SH,163325.09
2023-08-23,000858.SZ,156948.08
2023-08-23,002594.SZ,149151.22
2023-08-23,600036.SH,231053.38
2023-08-24,600000.SH,355342.32
2023-08-24,600519.SH,270726.47
2023-08-24,000001.SZ,449832.79
2023-08-24,300750.SZ,157475.27
2023-08-24,601318.SH,312612.11
2023-08-24,000858.SZ,174381.39
2023-08-24,002594.SZ,187313.28
2023-08-24,600036.SH,483157.13
2023-08-25,600000.SH,418466.4
2023-08-25,600519.SH,235181.3
2023-08-25,000001.SZ,330339.05
2023-08-25,300750.SZ,156584.29
2023-08-25,601318.SH,302711.07
2023-08-25,000858.SZ,145002.25
2023-08-25,002594.SZ,178203.39
2023-08-25,600036.SH,162858.54
2023-08-28,600000.SH,291013.13
2023-08-28,600519.SH,250467.62
2023-08-28,000001.SZ,360088.49
2023-08-28,300750.SZ,328109.21
2023-08-28,601318.SH,240113.84
2023-08-28,000858.SZ,323907.56
2023-08-28,002594.SZ,115254.78
2023-08-28,600036.SH,145932.3
2023-08-29,600000.SH,267878.31
2023-08-29,600519.SH,247226.78
2023-08-29,000001.SZ,176594.78
2023-08-29,300750.SZ,138497.53
2023-08-29,601318.SH,171936.1
2023-08-29,000858.SZ,121885.98
2023-08-29,002594.SZ,319255.27
2023-08-29,600036.SH,148727.63
2023-08-30,600000.SH,291809.89
2023-08-30,600519.SH,183276.31
2023-08-30,000001.SZ,196614.28
2023-08-30,300750.SZ,354941.09
2023-08-30,601318.SH,126232.2
2023-08-30,000858.SZ,238847.87
2023-08-30,002594.SZ,166405.0
2023-08-30,600036.SH,189040.75
2023-08-31,600000.SH,245606.78
2023-08-31,600519.SH,186552.8
2023-08-31,000001.SZ,153937.54
2023-08-31,300750.SZ,404543.06
2023-08-31,601318.SH,218783.53
2023-08-31,000858.SZ,154900.84
2023-08-31,002594.SZ,109412.75
2023-08-31,600036.SH,199813.63
2023-09-01,600000.SH,209105.76
2023-09-01,600519.SH,168356.16
2023-09-01,000001.SZ,301518.21
2023-09-01,300750.SZ,244310.31
2023-09-01,601318.SH,347960.17
2023-09-01,000858.SZ,109669.59
2023-09-01,002594.SZ,172723.86
2023-09-01,600036.SH,105852.95
2023-09-04,600000.SH,130287.29
2023-09-04,600519.SH,367910.01
2023-09-04,000001.SZ,140093.85
2023-09-04,300750.SZ,121586.42
2023-09-04,601318.SH,300627.3
2023-09-04,000858.SZ,263005.16
2023-09-04,002594.SZ,238577.56
2023-09-04,600036.SH,191260.01
2023-09-05,600000.SH,172376.8
2023-09-05,600519.SH,271962.8
2023-09-05,000001.SZ,197816.17
2023-09-05,300750.SZ,165806.57
2023-09-05,601318.SH,270518.33
2023-09-05,000858.SZ,160576.86
2023-09-05,002594.SZ,147032.94
2023-09-05,600036.SH,156340.51
2023-09-06,600000.SH,333267.34
2023-09-06,600519.SH,114167.39
2023-09-06,000001.SZ,127350.53
2023-09-06,300750.SZ,139663.88
2023-09-06,601318.SH,309548.12
2023-09-06,000858.SZ,165379.63
2023-09-06,002594.SZ,195684.06
2023-09-06,600036.SH,199499.84
2023-09-07,600000.SH,391068.65
2023-09-07,600519.SH,188225.62
2023-09-07,000001.SZ,188277.62
2023-09-07,300750.SZ,184226.36
2023-09-07,601318.SH,379426.72
2023-09-07,000858.SZ,128405.95
2023-09-07,002594.SZ,211325.23
2023-09-07,600036.SH,549033.98
2023-09-08,600000.SH,290630.92
2023-09-08,600519.SH,390126.29
2023-09-08,000001.SZ,243579.65
2023-09-08,300750.SZ,178285.66
2023-09-08,601318.SH,508149.92
2023-09-08,000858.SZ,443326.44
2023-09-08,002594.SZ,239255.17
2023-09-08,600036.SH,114244.34
2023-09-11,600000.SH,250453.3
2023-09-11,600519.SH,184335.62
2023-09-11,000001.SZ,377032.27
2023-09-11,300750.SZ,285676.12
2023-09-11,601318.SH,136915.52
2023-09-11,000858.SZ,203119.21
2023-09-11,002594.SZ,272308.24
2023-09-11,600036.SH,359062.44
2023-09-12,600000.SH,125725.29
2023-09-12,600519.SH,185604.73
2023-09-12,000001.SZ,155091.92
2023-09-12,300750.SZ,149016.08
2023-09-12,601318.SH,265813.67
2023-09-12,000858.SZ,236030.02
2023-09-12,002594.SZ,218051.05
2023-09-12,600036.SH,186745.24
2023-09-13,600000.SH,298696.62
2023-09-13,600519.SH,166846.78
2023-09-13,000001.SZ,182226.47
2023-09-13,300750.SZ,215397.72
2023-09-13,601318.SH,143916.5
2023-09-13,000858.SZ,318238.29
2023-09-13,002594.SZ,122346.39
2023-09-13,600036.SH,127701.21
2023-09-14,600000.SH,101275.85
2023-09-14,600519.SH,257964.11
2023-09-14,000001.SZ,122606.45
2023-09-14,300750.SZ,167337.99
2023-09-14,601318.SH,222468.64
2023-09-14,000858.SZ,165492.47
2023-09-14,002594.SZ,139458.29
2023-09-14,600036.SH,349054.49
2023-09-15,600000.SH,265386.61
2023-09-15,600519.SH,116357.8
2023-09-15,000001.SZ,213249.37
2023-09-15,300750.SZ,129820.89
2023-09-15,601318.SH,350832.94
2023-09-15,000858.SZ,220115.92
2023-09-15,002594.SZ,123895.95
2023-09-15,600036.SH,162924.35
2023-09-18,600000.SH,203401.36
2023-09-18,600519.SH,327645.14
2023-09-18,000001.SZ,228758.81
2023-09-18,300750.SZ,121026.27
2023-09-18,601318.SH,251814.36
2023-09-18,000858.SZ,224191.87
2023-09-18,002594.SZ,308786.58
2023-09-18,600036.SH,333223.29
2023-09-19,600000.SH,147934.86
2023-09-19,600519.SH,191112.02
2023-09-19,000001.SZ,355921.66
2023-09-19,300750.SZ,225637.64
2023-09-19,601318.SH,185495.96
2023-09-19,000858.SZ,157597.47
2023-09-19,002594.SZ,336483.99
2023-09-19,600036.SH,127236.89
2023-09-20,600000.SH,321217.11
2023-09-20,600519.SH,157068.42
2023-09-20,000001.SZ,154319.71
2023-09-20,300750.SZ,156189.12
2023-09-20,601318.SH,158203.4
2023-09-20,000858.SZ,184288.32
2023-09-20,002594.SZ,215446.16
2023-09-20,600036.SH,112022.65
2023-09-21,600000.SH,297108.8
2023-09-21,600519.SH,347785.58
2023-09-21,000001.SZ,201029.9
2023-09-21,300750.SZ,232930.6
2023-09-21,601318.SH,302410.0
2023-09-21,000858.SZ,281611.99
2023-09-21,002594.SZ,123895.06
2023-09-21,600036.SH,242556.68
2023-09-22,600000.SH,404375.08
2023-09-22,600519.SH,205331.85
2023-09-22,000001.SZ,365397.0
2023-09-22,300750.SZ,153750.13
2023-09-22,601318.SH,195529.35
2023-09-22,000858.SZ,157279.41
2023-09-22,002594.SZ,417890.61
2023-09-22,600036.SH,262663.37
2023-09-25,600000.SH,263382.14
2023-09-25,600519.SH,152104.49
2023-09-25,000001.SZ,169461.1
2023-09-25,300750.SZ,485677.67
2023-09-25,601318.SH,146305.83
2023-09-25,000858.SZ,434499.98
2023-09-25,002594.SZ,107467.52
2023-09-25,600036.SH,166386.79
2023-09-26,600000.SH,319234.21
2023-09-26,600519.SH,235859.27
2023-09-26,000001.SZ,118780.83
2023-09-26,300750.SZ,141510.99
2023-09-26,601318.SH,144038.79
2023-09-26,000858.SZ,174589.73
2023-09-26,002594.SZ,417237.8
2023-09-26,600036.SH,183095.45
2023-09-27,600000.SH,232382.62
2023-09-27,600519.SH,276615.98
2023-09-27,000001.SZ,278164.63
2023-09-27,300750.SZ,196193.87
2023-09-27,601318.SH,202156.48
2023-09-27,000858.SZ,154430.7
2023-09-27,002594.SZ,198925.53
2023-09-27,600036.SH,279463.3
2023-09-28,600000.SH,527158.79
2023-09-28,600519.SH,115965.29
2023-09-28,000001.SZ,130907.63
2023-09-28,300750.SZ,132661.6
2023-09-28,601318.SH,179462.51
2023-09-28,000858.SZ,233333.57
2023-09-28,002594.SZ,226633.82
2023-09-28,600036.SH,181936.99
2023-09-29,600000.SH,186886.55
2023-09-29,600519.SH,122260.16
2023-09-29,000001.SZ,191693.15
2023-09-29,300750.SZ,130046.14
2023-09-29,601318.SH,297011.97
2023-09-29,000858.SZ,281188.81
2023-09-29,002594.SZ,210573.33
2023-09-29,600036.SH,156804.96
2023-10-02,600000.SH,160880.05
2023-10-02,600519.SH,336467.6
2023-10-02,000001.SZ,239029.34
2023-10-02,300750.SZ,331245.62
2023-10-02,601318.SH,300891.12
2023-10-02,000858.SZ,200392.38
2023-10-02,002594.SZ,424532.98
2023-10-02,600036.SH,94004.59
2023-10-03,600000.SH,126261.99
2023-10-03,600519.SH,216764.3
2023-10-03,000001.SZ,168038.04
2023-10-03,300750.SZ,204933.75
2023-10-03,601318.SH,164815.08
2023-10-03,000858.SZ,140555.8
2023-10-03,002594.SZ,153958.52
2023-10-03,600036.SH,141136.14
2023-10-04,600000.SH,244690.94
2023-10-04,600519.SH,280280.95
2023-10-04,000001.SZ,197914.67
2023-10-04,300750.SZ,368461.68
2023-10-04,601318.SH,236978.27
2023-10-04,000858.SZ,128479.03
2023-10-04,002594.SZ,286501.32
2023-10-04,600036.SH,214726.03
2023-10-05,600000.SH,378937.32
2023-10-05,600519.SH,274973.33
2023-10-05,000001.SZ,290065.58
2023-10-05,300750.SZ,254615.59
2023-10-05,601318.SH,510792.42
2023-10-05,000858.SZ,245541.85
2023-10-05,002594.SZ,191733.4
2023-10-05,600036.SH,130188.95
2023-10-06,600000.SH,208736.46
2023-10-06,600519.SH,189608.28
2023-10-06,000001.SZ,272937.2
2023-10-06,300750.SZ,210074.06
2023-10-06,601318.SH,343821.24
2023-10-06,000858.SZ,176151.33
2023-10-06,002594.SZ,154831.16
2023-10-06,600036.SH,162551.35
2023-10-09,600000.SH,195329.27
2023-10-09,600519.SH,180299.24
2023-10-09,000001.SZ,311345.17
2023-10-09,300750.SZ,473716.72
2023-10-09,601318.SH,203604.5
2023-10-09,000858.SZ,399095.87
2023-10-09,002594.SZ,148264.05
2023-10-09,600036.SH,262193.7
2023-10-10,600000.SH,112638.96
2023-10-10,600519.SH,161031.74
2023-10-10,000001.SZ,303199.61
2023-10-10,300750.SZ,136894.35
2023-10-10,601318.SH,111019.71
2023-10-10,000858.SZ,99674.15
2023-10-10,002594.SZ,259214.97
2023-10-10,600036.SH,173211.24
2023-10-11,600000.SH,174681.78
2023-10-11,600519.SH,233269.09
2023-10-11,000001.SZ,240135.07
2023-10-11,300750.SZ,210868.61
2023-10-11,601318.SH,188141.7
2023-10-11,000858.SZ,224454.53
2023-10-11,002594.SZ,247238.96
2023-10-11,600036.SH,113162.86
2023-10-12,600000.SH,336149.96
2023-10-12,600519.SH,130020.72
2023-10-12,000001.SZ,310106.94
2023-10-12,300750.SZ,160144.72
2023-10-12,601318.SH,163027.04
2023-10-12,000858.SZ,236034.99
2023-10-12,002594.SZ,139055.43
2023-10-12,600036.SH,164075.66
2023-10-13,600000.SH,211345.13
2023-10-13,600519.SH,395665.4
2023-10-13,000001.SZ,192619.65
2023-10-13,300750.SZ,144579.52
2023-10-13,601318.SH,279914.07
2023-10-13,000858.SZ,401976.7
2023-10-13,002594.SZ,229710.98
2023-10-13,600036.SH,240007.59
2023-10-16,600000.SH,479169.45
2023-10-16,600519.SH,215510.5
2023-10-16,000001.SZ,218340.6
2023-10-16,300750.SZ,141457.75
2023-10-16,601318.SH,158292.04
2023-10-16,000858.SZ,276653.49
2023-10-16,002594.SZ,200492.18
2023-10-16,600036.SH,255329.57
2023-10-17,600000.SH,144546.97
2023-10-17,600519.SH,320173.85
2023-10-17,000001.SZ,128858.71
2023-10-17,300750.SZ,277031.84
2023-10-17,601318.SH,345920.9
2023-10-17,000858.SZ,386432.59
2023-10-17,002594.SZ,183429.86
2023-10-17,600036.SH,321493.12
2023-10-18,600000.SH,234313.37
2023-10-18,600519.SH,208817.45
2023-10-18,000001.SZ,360869.25
2023-10-18,300750.SZ,320869.29
2023-10-18,601318.SH,127175.16
2023-10-18,000858.SZ,190957.17
2023-10-18,002594.SZ,397224.94
2023-10-18,600036.SH,138788.97
2023-10-19,600000.SH,296660.46
2023-10-19,600519.SH,130631.72
2023-10-19,000001.SZ,171577.62
2023-10-19,300750.SZ,272652.72
2023-10-19,601318.SH,247475.14
2023-10-19,000858.SZ,278381.53
2023-10-19,002594.SZ,266509.07
2023-10-19,600036.SH,351103.9
2023-10-20,600000.SH,484838.89
2023-10-20,600519.SH,200942.34
2023-10-20,000001.SZ,208547.37
2023-10-20,300750.SZ,281038.81
2023-10-20,601318.SH,155597.65
2023-10-20,000858.SZ,150195.42
2023-10-20,002594.SZ,321596.3
2023-10-20,600036.SH,136837.64
2023-10-23,600000.SH,240547.47
2023-10-23,600519.SH,136574.71
2023-10-23,000001.SZ,497126.23
2023-10-23,300750.SZ,102544.03
2023-10-23,601318.SH,370597.19
2023-10-23,000858.SZ,132479.43
2023-10-23,002594.SZ,194358.34
2023-10-23,600036.SH,166929.77
2023-10-24,600000.SH,374868.85
2023-10-24,600519.SH,189780.17
2023-10-24,000001.SZ,98559.11
2023-10-24,300750.SZ,327073.12
2023-10-24,601318.SH,350440.56
2023-10-24,000858.SZ,167158.15
2023-10-24,002594.SZ,305113.79
2023-10-24,600036.SH,299395.89
2023-10-25,600000.SH,185385.75
2023-10-25,600519.SH,129071.68
2023-10-25,000001.SZ,309771.48
2023-10-25,300750.SZ,184646.72
2023-10-25,601318.SH,172465.09
2023-10-25,000858.SZ,252251.65
2023-10-25,002594.SZ,152434.48
2023-10-25,600036.SH,287172.18
2023-10-26,600000.SH,186588.46
2023-10-26,600519.SH,302949.02
2023-10-26,000001.SZ,184671.01
2023-10-26,300750.SZ,159092.19
2023-10-26,601318.SH,276727.2
2023-10-26,000858.SZ,141628.14
2023-10-26,002594.SZ,201987.78
2023-10-26,600036.SH,242468.59
2023-10-27,600000.SH,280644.44
2023-10-27,600519.SH,179541.39
2023-10-27,000001.SZ,555850.59
2023-10-27,300750.SZ,205296.57
2023-10-27,601318.SH,663836.09
2023-10-27,000858.SZ,317736.31
2023-10-27,002594.SZ,214588.12
2023-10-27,600036.SH,427133.15
2023-10-30,600000.SH,121708.73
2023-10-30,600519.SH,468577.91
2023-10-30,000001.SZ,290098.14
2023-10-30,300750.SZ,209853.54
2023-10-30,601318.SH,184868.8
2023-10-30,000858.SZ,170444.07
2023-10-30,002594.SZ,150282.49
2023-10-30,600036.SH,191257.28
2023-10-31,600000.SH,217522.46
2023-10-31,600519.SH,203557.32
2023-10-31,000001.SZ,160649.78
2023-10-31,300750.SZ,292882.23
2023-10-31,601318.SH,412418.58
2023-10-31,000858.SZ,309009.73
2023-10-31,002594.SZ,184294.5
2023-10-31,600036.SH,241986.86
2023-11-01,600000.SH,108368.92
2023-11-01,600519.SH,269224.44
2023-11-01,000001.SZ,214952.75
2023-11-01,300750.SZ,469741.38
2023-11-01,601318.SH,195493.27
2023-11-01,000858.SZ,269170.3
2023-11-01,002594.SZ,561628.52
2023-11-01,600036.SH,140902.84
2023-11-02,600000.SH,483551.21
2023-11-02,600519.SH,208403.0
2023-11-02,000001.SZ,174509.26
2023-11-02,300750.SZ,174338.03
2023-11-02,601318.SH,240550.18
2023-11-02,000858.SZ,144196.35
2023-11-02,002594.SZ,181641.65
2023-11-02,600036.SH,385717.35
2023-11-03,600000.SH,395899.36
2023-11-03,600519.SH,204912.83
2023-11-03,000001.SZ,183705.9
2023-11-03,300750.SZ,148859.0
2023-11-03,601318.SH,315610.61
2023-11-03,000858.SZ,275123.21
2023-11-03,002594.SZ,246191.56
2023-11-03,600036.SH,472616.77
2023-11-06,600000.SH,133678.37
2023-11-06,600519.SH,204862.67
2023-11-06,000001.SZ,211462.15
2023-11-06,300750.SZ,243412.83
2023-11-06,601318.SH,304155.04
2023-11-06,000858.SZ,178208.4
2023-11-06,002594.SZ,219390.98
2023-11-06,600036.SH,183381.11
2023-11-07,600000.SH,199153.22
2023-11-07,600519.SH,156522.51
2023-11-07,000001.SZ,150510.4
2023-11-07,300750.SZ,139775.29
2023-11-07,601318.SH,267383.49
2023-11-07,000858.SZ,161148.86
2023-11-07,002594.SZ,124300.86
2023-11-07,600036.SH,294621.05
2023-11-08,600000.SH,195322.93
2023-11-08,600519.SH,340256.42
2023-11-08,000001.SZ,294236.18
2023-11-08,300750.SZ,297594.53
2023-11-08,601318.SH,240232.02
2023-11-08,000858.SZ,343037.62
2023-11-08,002594.SZ,168310.1
2023-11-08,600036.SH,136638.28
2023-11-09,600000.SH,243181.72
2023-11-09,600519.SH,309945.2
2023-11-09,000001.SZ,233409.43
2023-11-09,300750.SZ,167385.65
2023-11-09,601318.SH,119243.3
2023-11-09,000858.SZ,112036.97
2023-11-09,002594.SZ,212934.39
2023-11-09,600036.SH,436572.2
2023-11-10,600000.SH,221295.67
2023-11-10,600519.SH,131322.96
2023-11-10,000001.SZ,176051.9
2023-11-10,300750.SZ,217804.08
2023-11-10,601318.SH,175877.85
2023-11-10,000858.SZ,182067.05
2023-11-10,002594.SZ,186067.65
2023-11-10,600036.SH,203992.95
2023-11-13,600000.SH,248986.78
2023-11-13,600519.SH,250071.72
2023-11-13,000001.SZ,400357.34
2023-11-13,300750.SZ,271999.42
2023-11-13,601318.SH,114442.09
2023-11-13,000858.SZ,358057.61
2023-11-13,002594.SZ,142078.31
2023-11-13,600036.SH,170251.77
2023-11-14,600000.SH,216874.35
2023-11-14,600519.SH,221545.5
2023-11-14,000001.SZ,407191.19
2023-11-14,300750.SZ,133131.13
2023-11-14,601318.SH,344652.39
2023-11-14,000858.SZ,176788.0
2023-11-14,002594.SZ,191478.7
2023-11-14,600036.SH,229453.16
2023-11-15,600000.SH,148226.01
2023-11-15,600519.SH,179225.41
2023-11-15,000001.SZ,232453.61
2023-11-15,300750.SZ,215036.9
2023-11-15,601318.SH,327833.34
2023-11-15,000858.SZ,335581.97
2023-11-15,002594.SZ,186789.57
2023-11-15,600036.SH,312725.72
2023-11-16,600000.SH,350339.67
2023-11-16,600519.SH,222553.49
2023-11-16,000001.SZ,147395.49
2023-11-16,300750.SZ,299253.34
2023-11-16,601318.SH,144157.35
2023-11-16,000858.SZ,217965.06
2023-11-16,002594.SZ,158345.49
2023-11-16,600036.SH,204437.53
2023-11-17,600000.SH,144632.93
2023-11-17,600519.SH,186028.62
2023-11-17,000001.SZ,471012.88
2023-11-17,300750.SZ,395907.66
2023-11-17,601318.SH,332493.25
2023-11-17,000858.SZ,138944.43
2023-11-17,002594.SZ,336271.53
2023-11-17,600036.SH,227798.25
2023-11-20,600000.SH,218722.91
2023-11-20,600519.SH,235221.44
2023-11-20,000001.SZ,270713.32
2023-11-20,300750.SZ,298698.44
2023-11-20,601318.SH,137261.67
2023-11-20,000858.SZ,215461.87
2023-11-20,002594.SZ,181052.14
2023-11-20,600036.SH,238361.37
2023-11-21,600000.SH,120285.76
2023-11-21,600519.SH,212766.92
2023-11-21,000001.SZ,132177.87
2023-11-21,300750.SZ,172860.49
2023-11-21,601318.SH,249359.03
2023-11-21,000858.SZ,311405.04
2023-11-21,002594.SZ,131080.84
2023-11-21,600036.SH,131017.15
2023-11-22,600000.SH,282881.61
2023-11-22,600519.SH,421836.25
2023-11-22,000001.SZ,133552.73
2023-11-22,300750.SZ,145697.21
2023-11-22,601318.SH,122678.62
2023-11-22,000858.SZ,402589.02
2023-11-22,002594.SZ,106193.56
2023-11-22,600036.SH,158926.16
2023-11-23,600000.SH,385884.2
2023-11-23,600519.SH,129750.81
2023-11-23,000001.SZ,104265.43
2023-11-23,300750.SZ,202625.91
2023-11-23,601318.SH,352656.21
2023-11-23,000858.SZ,254719.72
2023-11-23,002594.SZ,163017.12
2023-11-23,600036.SH,281817.72
2023-11-24,600000.SH,100583.62
2023-11-24,600519.SH,174281.86
2023-11-24,000001.SZ,315305.72
2023-11-24,300750.SZ,100626.04
2023-11-24,601318.SH,207261.64
2023-11-24,000858.SZ,173613.11
2023-11-24,002594.SZ,134065.98
2023-11-24,600036.SH,238107.68
2023-11-27,600000.SH,117856.45
2023-11-27,600519.SH,177340.52
2023-11-27,000001.SZ,280225.58
2023-11-27,300750.SZ,435746.12
2023-11-27,601318.SH,267207.98
2023-11-27,000858.SZ,331105.63
2023-11-27,002594.SZ,305110.56
2023-11-27,600036.SH,152237.26
2023-11-28,600000.SH,575550.21
2023-11-28,600519.SH,360114.5
2023-11-28,000001.SZ,107379.75
2023-11-28,300750.SZ,169344.64
2023-11-28,601318.SH,340056.56
2023-11-28,000858.SZ,306674.02
2023-11-28,002594.SZ,170836.03
2023-11-28,600036.SH,164440.15
2023-11-29,600000.SH,312519.63
2023-11-29,600519.SH,156509.79
2023-11-29,000001.SZ,130264.18
2023-11-29,300750.SZ,386418.19
2023-11-29,601318.SH,122304.85
2023-11-29,000858.SZ,383320.26
2023-11-29,002594.SZ,141470.34
2023-11-29,600036.SH,304566.54
2023-11-30,600000.SH,267062.81
2023-11-30,600519.SH,125589.38
2023-11-30,000001.SZ,347145.4
2023-11-30,300750.SZ,264948.04
2023-11-30,601318.SH,126683.14
2023-11-30,000858.SZ,400597.34
2023-11-30,002594.SZ,278548.65
2023-11-30,600036.SH,151854.42
2023-12-01,600000.SH,350612.1
2023-12-01,600519.SH,375675.31
2023-12-01,000001.SZ,162232.63
2023-12-01,300750.SZ,150133.52
2023-12-01,601318.SH,225900.57
2023-12-01,000858.SZ,151199.04
2023-12-01,002594.SZ,145334.81
2023-12-01,600036.SH,487073.87
2023-12-04,600000.SH,474944.35
2023-12-04,600519.SH,228389.12
2023-12-04,000001.SZ,373396.24
2023-12-04,300750.SZ,302042.07
2023-12-04,601318.SH,171149.29
2023-12-04,000858.SZ,143725.66
2023-12-04,002594.SZ,280625.07
2023-12-04,600036.SH,550668.78
2023-12-05,600000.SH,183826.66
2023-12-05,600519.SH,113449.45
2023-12-05,000001.SZ,120924.88
2023-12-05,300750.SZ,266292.12
2023-12-05,601318.SH,146607.5
2023-12-05,000858.SZ,317397.24
2023-12-05,002594.SZ,359425.33
2023-12-05,600036.SH,193741.73
2023-12-06,600000.SH,209191.0
2023-12-06,600519.SH,165930.76
2023-12-06,000001.SZ,258339.65
2023-12-06,300750.SZ,100885.86
2023-12-06,601318.SH,172657.63
2023-12-06,000858.SZ,209161.01
2023-12-06,002594.SZ,140969.5
2023-12-06,600036.SH,197939.75
2023-12-07,600000.SH,150091.96
2023-12-07,600519.SH,120483.9
2023-12-07,000001.SZ,465063.99
2023-12-07,300750.SZ,196776.69
2023-12-07,601318.SH,203338.05
2023-12-07,000858.SZ,207135.25
2023-12-07,002594.SZ,97113.23
2023-12-07,600036.SH,242000.02
2023-12-08,600000.SH,272921.14
2023-12-08,600519.SH,165479.01
2023-12-08,000001.SZ,183914.82
2023-12-08,300750.SZ,176142.11
2023-12-08,601318.SH,208257.22
2023-12-08,000858.SZ,217470.39
2023-12-08,002594.SZ,158416.27
2023-12-08,600036.SH,514626.49
2023-12-11,600000.SH,233319.08
2023-12-11,600519.SH,150248.49
2023-12-11,000001.SZ,460747.41
2023-12-11,300750.SZ,143189.23
2023-12-11,601318.SH,180899.42
2023-12-11,000858.SZ,341780.34
2023-12-11,002594.SZ,349987.85
2023-12-11,600036.SH,156832.28
2023-12-12,600000.SH,161484.32
2023-12-12,600519.SH,171945.42
2023-12-12,000001.SZ,324359.2
2023-12-12,300750.SZ,249295.43
2023-12-12,601318.SH,152603.2
2023-12-12,000858.SZ,182892.8
2023-12-12,002594.SZ,124959.21
2023-12-12,600036.SH,127468.45
2023-12-13,600000.SH,210078.36
2023-12-13,600519.SH,158783.73
2023-12-13,000001.SZ,151498.1
2023-12-13,300750.SZ,221415.11
2023-12-13,601318.SH,322198.66
2023-12-13,000858.SZ,337339.65
2023-12-13,002594.SZ,132304.86
2023-12-13,600036.SH,202727.95
2023-12-14,600000.SH,319088.48
2023-12-14,600519.SH,147571.36
2023-12-14,000001.SZ,227968.31
2023-12-14,300750.SZ,278124.07
2023-12-14,601318.SH,252428.77
2023-12-14,000858.SZ,209109.24
2023-12-14,002594.SZ,277084.65
2023-12-14,600036.SH,255783.01
2023-12-15,600000.SH,142202.56
2023-12-15,600519.SH,115757.74
2023-12-15,000001.SZ,170227.11
2023-12-15,300750.SZ,148743.42
2023-12-15,601318.SH,128246.88
2023-12-15,000858.SZ,158219.71
2023-12-15,002594.SZ,452039.07
2023-12-15,600036.SH,220274.59
2023-12-18,600000.SH,267835.55
2023-12-18,600519.SH,266837.38
2023-12-18,000001.SZ,112720.8
2023-12-18,300750.SZ,170215.54
2023-12-18,601318.SH,252963.8
2023-12-18,000858.SZ,272602.65
2023-12-18,002594.SZ,240740.48
2023-12-18,600036.SH,316471.02
2023-12-19,600000.SH,181953.12
2023-12-19,600519.SH,238523.45
2023-12-19,000001.SZ,318845.0
2023-12-19,300750.SZ,195946.14
2023-12-19,601318.SH,256998.08
2023-12-19,000858.SZ,310978.12
2023-12-19,002594.SZ,164457.65
2023-12-19,600036.SH,380007.44
2023-12-20,600000.SH,356712.41
2023-12-20,600519.SH,235139.15
2023-12-20,000001.SZ,409177.78
2023-12-20,300750.SZ,184719.76
2023-12-20,601318.SH,255117.43
2023-12-20,000858.SZ,175529.18
2023-12-20,002594.SZ,337099.41
2023-12-20,600036.SH,179445.82
