date,symbol,close
2023-01-03,600000.SH,94.54
2023-01-03,600519.SH,86.17
2023-01-03,000001.SZ,66.78
2023-01-03,300750.SZ,88.19
2023-01-03,601318.SH,90.69
2023-01-03,000858.SZ,71.25
2023-01-03,002594.SZ,53.53
2023-01-03,600036.SH,77.94
2023-01-04,600000.SH,102.55
2023-01-04,600519.SH,71.51
2023-01-04,000001.SZ,70.83
2023-01-04,300750.SZ,107.44
2023-01-04,601318.SH,63.51
2023-01-04,000858.SZ,64.96
2023-01-04,002594.SZ,102.37
2023-01-04,600036.SH,102.93
2023-01-05,600000.SH,68.93
2023-01-05,600519.SH,49.33
2023-01-05,000001.SZ,77.63
2023-01-05,300750.SZ,119.8
2023-01-05,601318.SH,87.73
2023-01-05,000858.SZ,97.17
2023-01-05,002594.SZ,45.37
2023-01-05,600036.SH,82.08
2023-01-06,600000.SH,92.28
2023-01-06,600519.SH,103.45
2023-01-06,000001.SZ,119.45
2023-01-06,300750.SZ,72.06
2023-01-06,601318.SH,78.01
2023-01-06,000858.SZ,49.11
2023-01-06,002594.SZ,71.68
2023-01-06,600036.SH,59.7
2023-01-09,600000.SH,97.51
2023-01-09,600519.SH,64.2
2023-01-09,000001.SZ,43.09
2023-01-09,300750.SZ,46.76
2023-01-09,601318.SH,83.51
2023-01-09,000858.SZ,100.41
2023-01-09,002594.SZ,70.99
2023-01-09,600036.SH,99.55
2023-01-10,600000.SH,48.72
2023-01-10,600519.SH,100.96
2023-01-10,000001.SZ,79.13
2023-01-10,300750.SZ,85.62
2023-01-10,601318.SH,94.42
2023-01-10,000858.SZ,92.06
2023-01-10,002594.SZ,72.75
2023-01-10,600036.SH,95.36
2023-01-11,600000.SH,105.51
2023-01-11,600519.SH,85.65
2023-01-11,000001.SZ,96.75
2023-01-11,300750.SZ,56.46
2023-01-11,601318.SH,72.59
2023-01-11,000858.SZ,48.35
2023-01-11,002594.SZ,108.29
2023-01-11,600036.SH,87.94
2023-01-12,600000.SH,82.58
2023-01-12,600519.SH,71.14
2023-01-12,000001.SZ,105.8
2023-01-12,300750.SZ,82.46
2023-01-12,601318.SH,74.47
2023-01-12,000858.SZ,51.33
2023-01-12,002594.SZ,66.6
2023-01-12,600036.SH,111.31
2023-01-13,600000.SH,97.2
2023-01-13,600519.SH,81.51
2023-01-13,000001.SZ,113.72
2023-01-13,300750.SZ,57.68
2023-01-13,601318.SH,108.88
2023-01-13,000858.SZ,79.69
2023-01-13,002594.SZ,85.17
2023-01-13,600036.SH,42.39
2023-01-16,600000.SH,102.6
2023-01-16,600519.SH,86.26
2023-01-16,000001.SZ,67.48
2023-01-16,300750.SZ,106.57
2023-01-16,601318.SH,93.98
2023-01-16,000858.SZ,117.14
2023-01-16,002594.SZ,54.18
2023-01-16,600036.SH,85.68
2023-01-17,600000.SH,61.93
2023-01-17,600519.SH,103.6
2023-01-17,000001.SZ,109.75
2023-01-17,300750.SZ,85.65
2023-01-17,601318.SH,86.06
2023-01-17,000858.SZ,78.22
2023-01-17,002594.SZ,73.82
2023-01-17,600036.SH,52.58
2023-01-18,600000.SH,72.86
2023-01-18,600519.SH,95.3
2023-01-18,000001.SZ,77.91
2023-01-18,300750.SZ,93.62
2023-01-18,601318.SH,81.55
2023-01-18,000858.SZ,115.82
2023-01-18,002594.SZ,47.64
2023-01-18,600036.SH,56.53
2023-01-19,600000.SH,53.86
2023-01-19,600519.SH,105.11
2023-01-19,000001.SZ,82.87
2023-01-19,300750.SZ,79.68
2023-01-19,601318.SH,90.65
2023-01-19,000858.SZ,76.42
2023-01-19,002594.SZ,87.92
2023-01-19,600036.SH,117.25
2023-01-20,600000.SH,84.08
2023-01-20,600519.SH,78.12
2023-01-20,000001.SZ,79.44
2023-01-20,300750.SZ,90.18
2023-01-20,601318.SH,54.02
2023-01-20,000858.SZ,68.96
2023-01-20,002594.SZ,108.46
2023-01-20,600036.SH,42.28
2023-01-23,600000.SH,59.53
2023-01-23,600519.SH,79.53
2023-01-23,000001.SZ,64.06
2023-01-23,300750.SZ,70.45
2023-01-23,601318.SH,78.82
2023-01-23,000858.SZ,95.04
2023-01-23,002594.SZ,75.3
2023-01-23,600036.SH,80.92
2023-01-24,600000.SH,47.89
2023-01-24,600519.SH,85.23
2023-01-24,000001.SZ,106.61
2023-01-24,300750.SZ,54.2
2023-01-24,601318.SH,105.48
2023-01-24,000858.SZ,72.04
2023-01-24,002594.SZ,89.66
2023-01-24,600036.SH,112.65
2023-01-25,600000.SH,65.05
2023-01-25,600519.SH,107.92
2023-01-25,000001.SZ,101.02
2023-01-25,300750.SZ,119.56
2023-01-25,601318.SH,52.42
2023-01-25,000858.SZ,54.52
2023-01-25,002594.SZ,79.92
2023-01-25,600036.SH,103.94
2023-01-26,600000.SH,62.99
2023-01-26,600519.SH,62.93
2023-01-26,000001.SZ,59.35
2023-01-26,300750.SZ,49.72
2023-01-26,601318.SH,77.19
2023-01-26,000858.SZ,60.37
2023-01-26,002594.SZ,65.74
2023-01-26,600036.SH,106.86
2023-01-27,600000.SH,59.99
2023-01-27,600519.SH,89.72
2023-01-27,000001.SZ,74.63
2023-01-27,300750.SZ,59.01
2023-01-27,601318.SH,61.17
2023-01-27,000858.SZ,57.13
2023-01-27,002594.SZ,112.16
2023-01-27,600036.SH,44.95
2023-01-30,600000.SH,47.36
2023-01-30,600519.SH,116.46
2023-01-30,000001.SZ,45.48
2023-01-30,300750.SZ,55.53
2023-01-30,601318.SH,117.21
2023-01-30,000858.SZ,73.32
2023-01-30,002594.SZ,50.0
2023-01-30,600036.SH,87.34
2023-01-31,600000.SH,77.09
2023-01-31,600519.SH,55.24
2023-01-31,000001.SZ,109.56
2023-01-31,300750.SZ,116.95
2023-01-31,601318.SH,83.56
2023-01-31,000858.SZ,99.21
2023-01-31,002594.SZ,87.19
2023-01-31,600036.SH,59.91
2023-02-01,600000.SH,42.61
2023-02-01,600519.SH,84.03
2023-02-01,000001.SZ,96.55
2023-02-01,300750.SZ,114.73
2023-02-01,601318.SH,91.66
2023-02-01,000858.SZ,89.94
2023-02-01,002594.SZ,72.5
2023-02-01,600036.SH,69.1
2023-02-02,600000.SH,86.01
2023-02-02,600519.SH,107.15
2023-02-02,000001.SZ,111.64
2023-02-02,300750.SZ,119.33
2023-02-02,601318.SH,111.45
2023-02-02,000858.SZ,78.51
2023-02-02,002594.SZ,60.99
2023-02-02,600036.SH,62.91
2023-02-03,600000.SH,74.46
2023-02-03,600519.SH,77.33
2023-02-03,000001.SZ,81.31
2023-02-03,300750.SZ,43.37
2023-02-03,601318.SH,77.09
2023-02-03,000858.SZ,69.98
2023-02-03,002594.SZ,89.85
2023-02-03,600036.SH,97.5
2023-02-06,600000.SH,79.03
2023-02-06,600519.SH,114.06
2023-02-06,000001.SZ,70.31
2023-02-06,300750.SZ,97.93
2023-02-06,601318.SH,48.16
2023-02-06,000858.SZ,108.86
2023-02-06,002594.SZ,90.61
2023-02-06,600036.SH,52.62
2023-02-07,600000.SH,70.07
2023-02-07,600519.SH,119.34
2023-02-07,000001.SZ,48.42
2023-02-07,300750.SZ,104.46
2023-02-07,601318.SH,113.43
2023-02-07,000858.SZ,101.77
2023-02-07,002594.SZ,79.7
2023-02-07,600036.SH,63.19
2023-02-08,600000.SH,84.17
2023-02-08,600519.SH,56.99
2023-02-08,000001.SZ,104.11
2023-02-08,300750.SZ,114.28
2023-02-08,601318.SH,117.93
2023-02-08,000858.SZ,107.5
2023-02-08,002594.SZ,83.77
2023-02-08,600036.SH,59.89
2023-02-09,600000.SH,78.12
2023-02-09,600519.SH,49.09
2023-02-09,000001.SZ,104.69
2023-02-09,300750.SZ,66.63
2023-02-09,601318.SH,51.33
2023-02-09,000858.SZ,94.62
2023-02-09,002594.SZ,67.21
2023-02-09,600036.SH,67.63
2023-02-10,600000.SH,57.94
2023-02-10,600519.SH,75.9
2023-02-10,000001.SZ,47.35
2023-02-10,300750.SZ,61.09
2023-02-10,601318.SH,106.18
2023-02-10,000858.SZ,44.23
2023-02-10,002594.SZ,83.53
2023-02-10,600036.SH,47.96
2023-02-13,600000.SH,70.06
2023-02-13,600519.SH,101.64
2023-02-13,000001.SZ,65.0
2023-02-13,300750.SZ,116.38
2023-02-13,601318.SH,45.75
2023-02-13,000858.SZ,46.71
2023-02-13,002594.SZ,113.74
2023-02-13,600036.SH,49.94
2023-02-14,600000.SH,44.11
2023-02-14,600519.SH,102.81
2023-02-14,000001.SZ,104.75
2023-02-14,300750.SZ,44.94
2023-02-14,601318.SH,113.6
2023-02-14,000858.SZ,68.2
2023-02-14,002594.SZ,109.88
2023-02-14,600036.SH,110.54
2023-02-15,600000.SH,54.4
2023-02-15,600519.SH,118.39
2023-02-15,000001.SZ,63.43
2023-02-15,300750.SZ,70.27
2023-02-15,601318.SH,64.56
2023-02-15,000858.SZ,69.86
2023-02-15,002594.SZ,96.08
2023-02-15,600036.SH,53.86
2023-02-16,600000.SH,85.12
2023-02-16,600519.SH,80.33
2023-02-16,000001.SZ,81.82
2023-02-16,300750.SZ,85.01
2023-02-16,601318.SH,118.61
2023-02-16,000858.SZ,54.64
2023-02-16,002594.SZ,110.15
2023-02-16,600036.SH,62.16
2023-02-17,600000.SH,81.95
2023-02-17,600519.SH,117.66
2023-02-17,000001.SZ,57.16
2023-02-17,300750.SZ,58.33
2023-02-17,601318.SH,116.96
2023-02-17,000858.SZ,41.08
2023-02-17,002594.SZ,55.14
2023-02-17,600036.SH,67.27
2023-02-20,600000.SH,67.99
2023-02-20,600519.SH,80.45
2023-02-20,000001.SZ,50.09
2023-02-20,300750.SZ,72.05
2023-02-20,601318.SH,56.41
2023-02-20,000858.SZ,47.17
2023-02-20,002594.SZ,57.95
2023-02-20,600036.SH,63.77
2023-02-21,600000.SH,40.75
2023-02-21,600519.SH,104.27
2023-02-21,000001.SZ,52.8
2023-02-21,300750.SZ,113.1
2023-02-21,601318.SH,106.77
2023-02-21,000858.SZ,101.25
2023-02-21,002594.SZ,53.38
2023-02-21,600036.SH,75.57
2023-02-22,600000.SH,46.38
2023-02-22,600519.SH,56.65
2023-02-22,000001.SZ,93.02
2023-02-22,300750.SZ,49.65
2023-02-22,601318.SH,50.89
2023-02-22,000858.SZ,87.32
2023-02-22,002594.SZ,107.99
2023-02-22,600036.SH,42.62
2023-02-23,600000.SH,51.49
2023-02-23,600519.SH,61.86
2023-02-23,000001.SZ,73.24
2023-02-23,300750.SZ,97.61
2023-02-23,601318.SH,101.3
2023-02-23,000858.SZ,82.76
2023-02-23,002594.SZ,52.23
2023-02-23,600036.SH,100.67
2023-02-24,600000.SH,64.67
2023-02-24,600519.SH,90.75
2023-02-24,000001.SZ,59.96
2023-02-24,300750.SZ,115.93
2023-02-24,601318.SH,91.2
2023-02-24,000858.SZ,112.02
2023-02-24,002594.SZ,105.72
2023-02-24,600036.SH,91.73
2023-02-27,600000.SH,84.19
2023-02-27,600519.SH,67.53
2023-02-27,000001.SZ,50.01
2023-02-27,300750.SZ,83.99
2023-02-27,601318.SH,47.46
2023-02-27,000858.SZ,62.99
2023-02-27,002594.SZ,85.71
2023-02-27,600036.SH,104.33
2023-02-28,600000.SH,59.17
2023-02-28,600519.SH,107.12
2023-02-28,000001.SZ,115.99
2023-02-28,300750.SZ,83.39
2023-02-28,601318.SH,51.03
2023-02-28,000858.SZ,108.38
2023-02-28,002594.SZ,51.3
2023-02-28,600036.SH,74.71
2023-03-01,600000.SH,73.49
2023-03-01,600519.SH,95.33
2023-03-01,000001.SZ,112.37
2023-03-01,300750.SZ,100.95
2023-03-01,601318.SH,48.41
2023-03-01,000858.SZ,95.38
2023-03-01,002594.SZ,60.06
2023-03-01,600036.SH,105.5
2023-03-02,600000.SH,96.12
2023-03-02,600519.SH,109.23
2023-03-02,000001.SZ,112.57
2023-03-02,300750.SZ,88.63
2023-03-02,601318.SH,47.27
2023-03-02,000858.SZ,51.65
2023-03-02,002594.SZ,74.59
2023-03-02,600036.SH,99.92
2023-03-03,600000.SH,70.58
2023-03-03,600519.SH,68.33
2023-03-03,000001.SZ,107.42
2023-03-03,300750.SZ,55.84
2023-03-03,601318.SH,83.86
2023-03-03,000858.SZ,42.21
2023-03-03,002594.SZ,65.6
2023-03-03,600036.SH,88.14
2023-03-06,600000.SH,69.64
2023-03-06,600519.SH,99.2
2023-03-06,000001.SZ,41.76
2023-03-06,300750.SZ,80.26
2023-03-06,601318.SH,43.33
2023-03-06,000858.SZ,61.15
2023-03-06,002594.SZ,110.42
2023-03-06,600036.SH,40.95
2023-03-07,600000.SH,111.21
2023-03-07,600519.SH,89.17
2023-03-07,000001.SZ,111.36
2023-03-07,300750.SZ,109.7
2023-03-07,601318.SH,77.14
2023-03-07,000858.SZ,82.79
2023-03-07,002594.SZ,72.9
2023-03-07,600036.SH,96.32
2023-03-08,600000.SH,115.63
2023-03-08,600519.SH,104.26
2023-03-08,000001.SZ,41.0
2023-03-08,300750.SZ,40.52
2023-03-08,601318.SH,57.88
2023-03-08,000858.SZ,65.55
2023-03-08,002594.SZ,105.55
2023-03-08,600036.SH,47.28
2023-03-09,600000.SH,65.94
2023-03-09,600519.SH,119.29
2023-03-09,000001.SZ,49.76
2023-03-09,300750.SZ,52.45
2023-03-09,601318.SH,107.76
2023-03-09,000858.SZ,95.76
2023-03-09,002594.SZ,78.95
2023-03-09,600036.SH,90.63
2023-03-10,600000.SH,61.64
2023-03-10,600519.SH,87.4
2023-03-10,000001.SZ,44.28
2023-03-10,300750.SZ,45.17
2023-03-10,601318.SH,87.03
2023-03-10,000858.SZ,42.13
2023-03-10,002594.SZ,117.53
2023-03-10,600036.SH,72.44
2023-03-13,600000.SH,96.21
2023-03-13,600519.SH,56.39
2023-03-13,000001.SZ,96.33
2023-03-13,300750.SZ,65.09
2023-03-13,601318.SH,112.09
2023-03-13,000858.SZ,95.45
2023-03-13,002594.SZ,40.77
2023-03-13,600036.SH,78.63
2023-03-14,600000.SH,83.86
2023-03-14,600519.SH,104.18
2023-03-14,000001.SZ,42.54
2023-03-14,300750.SZ,90.16
2023-03-14,601318.SH,40.09
2023-03-14,000858.SZ,67.32
2023-03-14,002594.SZ,91.18
2023-03-14,600036.SH,41.58
2023-03-15,600000.SH,68.91
2023-03-15,600519.SH,41.23
2023-03-15,000001.SZ,75.34
2023-03-15,300750.SZ,82.87
2023-03-15,601318.SH,80.44
2023-03-15,000858.SZ,114.96
2023-03-15,002594.SZ,52.0
2023-03-15,600036.SH,89.12
2023-03-16,600000.SH,103.89
2023-03-16,600519.SH,72.62
2023-03-16,000001.SZ,65.95
2023-03-16,300750.SZ,43.45
2023-03-16,601318.SH,102.32
2023-03-16,000858.SZ,70.33
2023-03-16,002594.SZ,75.23
2023-03-16,600036.SH,52.83
2023-03-17,600000.SH,52.67
2023-03-17,600519.SH,67.45
2023-03-17,000001.SZ,42.72
2023-03-17,300750.SZ,44.84
2023-03-17,601318.SH,89.14
2023-03-17,000858.SZ,56.4
2023-03-17,002594.SZ,119.75
2023-03-17,600036.SH,94.98
2023-03-20,600000.SH,90.07
2023-03-20,600519.SH,117.74
2023-03-20,000001.SZ,91.23
2023-03-20,300750.SZ,62.62
2023-03-20,601318.SH,85.91
2023-03-20,000858.SZ,41.0
2023-03-20,002594.SZ,101.67
2023-03-20,600036.SH,67.55
2023-03-21,600000.SH,66.7
2023-03-21,600519.SH,97.69
2023-03-21,000001.SZ,48.22
2023-03-21,300750.SZ,77.99
2023-03-21,601318.SH,45.04
2023-03-21,000858.SZ,92.35
2023-03-21,002594.SZ,66.98
2023-03-21,600036.SH,116.65
2023-03-22,600000.SH,113.13
2023-03-22,600519.SH,104.03
2023-03-22,000001.SZ,71.29
2023-03-22,300750.SZ,84.22
2023-03-22,601318.SH,79.98
2023-03-22,000858.SZ,81.86
2023-03-22,002594.SZ,48.33
2023-03-22,600036.SH,74.01
2023-03-23,600000.SH,115.7
2023-03-23,600519.SH,108.1
2023-03-23,000001.SZ,102.06
2023-03-23,300750.SZ,72.19
2023-03-23,601318.SH,104.32
2023-03-23,000858.SZ,85.19
2023-03-23,002594.SZ,57.51
2023-03-23,600036.SH,57.0
2023-03-24,600000.SH,78.86
2023-03-24,600519.SH,117.37
2023-03-24,000001.SZ,103.63
2023-03-24,300750.SZ,41.67
2023-03-24,601318.SH,60.79
2023-03-24,000858.SZ,101.12
2023-03-24,002594.SZ,68.6
2023-03-24,600036.SH,101.47
2023-03-27,600000.SH,111.58
2023-03-27,600519.SH,81.36
2023-03-27,000001.SZ,91.88
2023-03-27,300750.SZ,113.67
2023-03-27,601318.SH,49.04
2023-03-27,000858.SZ,113.74
2023-03-27,002594.SZ,109.06
2023-03-27,600036.SH,54.65
2023-03-28,600000.SH,56.35
2023-03-28,600519.SH,88.45
2023-03-28,000001.SZ,112.76
2023-03-28,300750.SZ,52.85
2023-03-28,601318.SH,97.26
2023-03-28,000858.SZ,100.75
2023-03-28,002594.SZ,101.44
2023-03-28,600036.SH,88.31
2023-03-29,600000.SH,84.92
2023-03-29,600519.SH,44.65
2023-03-29,000001.SZ,59.02
2023-03-29,300750.SZ,75.58
2023-03-29,601318.SH,68.21
2023-03-29,000858.SZ,96.21
2023-03-29,002594.SZ,49.85
2023-03-29,600036.SH,84.12
2023-03-30,600000.SH,68.81
2023-03-30,600519.SH,95.14
2023-03-30,000001.SZ,82.44
2023-03-30,300750.SZ,119.9
2023-03-30,601318.SH,84.56
2023-03-30,000858.SZ,53.86
2023-03-30,002594.SZ,108.59
2023-03-30,600036.SH,70.49
2023-03-31,600000.SH,80.07
2023-03-31,600519.SH,81.74
2023-03-31,000001.SZ,80.73
2023-03-31,300750.SZ,54.04
2023-03-31,601318.SH,66.21
2023-03-31,000858.SZ,93.21
2023-03-31,002594.SZ,113.51
2023-03-31,600036.SH,49.0
2023-04-03,600000.SH,105.09
2023-04-03,600519.SH,117.32
2023-04-03,000001.SZ,109.66
2023-04-03,300750.SZ,108.75
2023-04-03,601318.SH,119.78
2023-04-03,000858.SZ,71.64
2023-04-03,002594.SZ,52.12
2023-04-03,600036.SH,94.87
2023-04-04,600000.SH,96.72
2023-04-04,600519.SH,106.35
2023-04-04,000001.SZ,85.37
2023-04-04,300750.SZ,88.35
2023-04-04,601318.SH,96.85
2023-04-04,000858.SZ,112.74
2023-04-04,002594.SZ,105.69
2023-04-04,600036.SH,46.91
2023-04-05,600000.SH,86.31
2023-04-05,600519.SH,87.2
2023-04-05,000001.SZ,76.48
2023-04-05,300750.SZ,117.15
2023-04-05,601318.SH,94.02
2023-04-05,000858.SZ,76.56
2023-04-05,002594.SZ,76.21
2023-04-05,600036.SH,114.08
2023-04-06,600000.SH,67.07
2023-04-06,600519.SH,64.45
2023-04-06,000001.SZ,67.23
2023-04-06,300750.SZ,107.07
2023-04-06,601318.SH,99.13
2023-04-06,000858.SZ,117.15
2023-04-06,002594.SZ,44.52
2023-04-06,600036.SH,94.44
2023-04-07,600000.SH,90.26
2023-04-07,600519.SH,105.15
2023-04-07,000001.SZ,97.25
2023-04-07,300750.SZ,73.07
2023-04-07,601318.SH,114.63
2023-04-07,000858.SZ,45.01
2023-04-07,002594.SZ,82.05
2023-04-07,600036.SH,80.81
2023-04-10,600000.SH,81.85
2023-04-10,600519.SH,89.87
2023-04-10,000001.SZ,105.99
2023-04-10,300750.SZ,64.59
2023-04-10,601318.SH,119.32
2023-04-10,000858.SZ,59.48
2023-04-10,002594.SZ,45.22
2023-04-10,600036.SH,118.23
2023-04-11,600000.SH,97.31
2023-04-11,600519.SH,109.33
2023-04-11,000001.SZ,71.81
2023-04-11,300750.SZ,54.16
2023-04-11,601318.SH,61.58
2023-04-11,000858.SZ,53.53
2023-04-11,002594.SZ,88.22
2023-04-11,600036.SH,89.66
2023-04-12,600000.SH,80.97
2023-04-12,600519.SH,65.59
2023-04-12,000001.SZ,62.64
2023-04-12,300750.SZ,93.86
2023-04-12,601318.SH,115.39
2023-04-12,000858.SZ,91.47
2023-04-12,002594.SZ,90.1
2023-04-12,600036.SH,81.71
2023-04-13,600000.SH,73.84
2023-04-13,600519.SH,113.73
2023-04-13,000001.SZ,79.65
2023-04-13,300750.SZ,74.31
2023-04-13,601318.SH,48.1
2023-04-13,000858.SZ,89.96
2023-04-13,002594.SZ,47.07
2023-04-13,600036.SH,40.39
2023-04-14,600000.SH,90.11
2023-04-14,600519.SH,109.23
2023-04-14,000001.SZ,78.82
2023-04-14,300750.SZ,41.62
2023-04-14,601318.SH,88.22
2023-04-14,000858.SZ,77.32
2023-04-14,002594.SZ,94.91
2023-04-14,600036.SH,90.17
2023-04-17,600000.SH,107.69
2023-04-17,600519.SH,108.1
2023-04-17,000001.SZ,47.15
2023-04-17,300750.SZ,92.17
2023-04-17,601318.SH,62.8
2023-04-17,000858.SZ,83.99
2023-04-17,002594.SZ,80.18
2023-04-17,600036.SH,101.36
2023-04-18,600000.SH,77.45
2023-04-18,600519.SH,97.91
2023-04-18,000001.SZ,109.11
2023-04-18,300750.SZ,113.91
2023-04-18,601318.SH,110.77
2023-04-18,000858.SZ,41.59
2023-04-18,002594.SZ,111.33
2023-04-18,600036.SH,76.7
2023-04-19,600000.SH,65.87
2023-04-19,600519.SH,110.97
2023-04-19,000001.SZ,94.3
2023-04-19,300750.SZ,114.53
2023-04-19,601318.SH,59.27
2023-04-19,000858.SZ,41.74
2023-04-19,002594.SZ,115.45
2023-04-19,600036.SH,64.35
2023-04-20,600000.SH,119.65
2023-04-20,600519.SH,83.67
2023-04-20,000001.SZ,110.84
2023-04-20,300750.SZ,42.27
2023-04-20,601318.SH,100.4
2023-04-20,000858.SZ,51.63
2023-04-20,002594.SZ,60.03
2023-04-20,600036.SH,54.28
2023-04-21,600000.SH,116.59
2023-04-21,600519.SH,96.36
2023-04-21,000001.SZ,74.2
2023-04-21,300750.SZ,82.04
2023-04-21,601318.SH,44.82
2023-04-21,000858.SZ,82.64
2023-04-21,002594.SZ,110.27
2023-04-21,600036.SH,74.98
2023-04-24,600000.SH,74.57
2023-04-24,600519.SH,104.51
2023-04-24,000001.SZ,96.71
2023-04-24,300750.SZ,100.0
2023-04-24,601318.SH,91.78
2023-04-24,000858.SZ,111.81
2023-04-24,002594.SZ,108.92
2023-04-24,600036.SH,57.49
2023-04-25,600000.SH,40.59
2023-04-25,600519.SH,64.47
2023-04-25,000001.SZ,79.4
2023-04-25,300750.SZ,104.73
2023-04-25,601318.SH,77.81
2023-04-25,000858.SZ,63.91
2023-04-25,002594.SZ,99.68
2023-04-25,600036.SH,96.13
2023-04-26,600000.SH,44.33
2023-04-26,600519.SH,53.32
2023-04-26,000001.SZ,81.64
2023-04-26,300750.SZ,95.15
2023-04-26,601318.SH,84.83
2023-04-26,000858.SZ,51.19
2023-04-26,002594.SZ,42.93
2023-04-26,600036.SH,62.51
2023-04-27,600000.SH,67.33
2023-04-27,600519.SH,47.69
2023-04-27,000001.SZ,107.86
2023-04-27,300750.SZ,80.08
2023-04-27,601318.SH,90.07
2023-04-27,000858.SZ,53.32
2023-04-27,002594.SZ,82.3
2023-04-27,600036.SH,89.31
2023-04-28,600000.SH,50.31
2023-04-28,600519.SH,52.98
2023-04-28,000001.SZ,73.78
2023-04-28,300750.SZ,51.22
2023-04-28,601318.SH,59.97
2023-04-28,000858.SZ,46.07
2023-04-28,002594.SZ,51.06
2023-04-28,600036.SH,117.57
2023-05-01,600000.SH,51.2
2023-05-01,600519.SH,44.43
2023-05-01,000001.SZ,84.8
2023-05-01,300750.SZ,55.45
2023-05-01,601318.SH,58.12
2023-05-01,000858.SZ,76.87
2023-05-01,002594.SZ,103.3
2023-05-01,600036.SH,87.11
2023-05-02,600000.SH,91.29
2023-05-02,600519.SH,43.75
2023-05-02,000001.SZ,46.07
2023-05-02,300750.SZ,65.6
2023-05-02,601318.SH,83.57
2023-05-02,000858.SZ,89.69
2023-05-02,002594.SZ,53.56
2023-05-02,600036.SH,53.05
2023-05-03,600000.SH,77.11
2023-05-03,600519.SH,111.41
2023-05-03,000001.SZ,109.68
2023-05-03,300750.SZ,94.25
2023-05-03,601318.SH,74.71
2023-05-03,000858.SZ,56.66
2023-05-03,002594.SZ,97.33
2023-05-03,600036.SH,47.35
2023-05-04,600000.SH,77.79
2023-05-04,600519.SH,107.53
2023-05-04,000001.SZ,67.29
2023-05-04,300750.SZ,115.21
2023-05-04,601318.SH,69.18
2023-05-04,000858.SZ,110.44
2023-05-04,002594.SZ,104.59
2023-05-04,600036.SH,85.28
2023-05-05,600000.SH,86.75
2023-05-05,600519.SH,79.76
2023-05-05,000001.SZ,115.99
2023-05-05,300750.SZ,60.26
2023-05-05,601318.SH,96.17
2023-05-05,000858.SZ,93.88
2023-05-05,002594.SZ,75.61
2023-05-05,600036.SH,106.95
2023-05-08,600000.SH,115.53
2023-05-08,600519.SH,54.73
2023-05-08,000001.SZ,76.71
2023-05-08,300750.SZ,91.44
2023-05-08,601318.SH,67.1
2023-05-08,000858.SZ,66.89
2023-05-08,002594.SZ,103.86
2023-05-08,600036.SH,92.43
2023-05-09,600000.SH,71.21
2023-05-09,600519.SH,55.45
2023-05-09,000001.SZ,64.71
2023-05-09,300750.SZ,63.59
2023-05-09,601318.SH,40.25
2023-05-09,000858.SZ,77.84
2023-05-09,002594.SZ,86.17
2023-05-09,600036.SH,59.55
2023-05-10,600000.SH,98.41
2023-05-10,600519.SH,76.07
2023-05-10,000001.SZ,72.09
2023-05-10,300750.SZ,80.38
2023-05-10,601318.SH,40.86
2023-05-10,000858.SZ,67.42
2023-05-10,002594.SZ,62.28
2023-05-10,600036.SH,93.84
2023-05-11,600000.SH,40.59
2023-05-11,600519.SH,66.92
2023-05-11,000001.SZ,102.09
2023-05-11,300750.SZ,66.67
2023-05-11,601318.SH,67.83
2023-05-11,000858.SZ,84.99
2023-05-11,002594.SZ,87.56
2023-05-11,600036.SH,113.82
2023-05-12,600000.SH,61.3
2023-05-12,600519.SH,97.7
2023-05-12,000001.SZ,46.42
2023-05-12,300750.SZ,89.5
2023-05-12,601318.SH,45.91
2023-05-12,000858.SZ,83.62
2023-05-12,002594.SZ,75.79
2023-05-12,600036.SH,97.31
2023-05-15,600000.SH,96.19
2023-05-15,600519.SH,100.05
2023-05-15,000001.SZ,107.81
2023-05-15,300750.SZ,84.58
2023-05-15,601318.SH,103.13
2023-05-15,000858.SZ,70.99
2023-05-15,002594.SZ,115.49
2023-05-15,600036.SH,63.75
2023-05-16,600000.SH,94.6
2023-05-16,600519.SH,70.61
2023-05-16,000001.SZ,102.41
2023-05-16,300750.SZ,52.77
2023-05-16,601318.SH,52.12
2023-05-16,000858.SZ,114.73
2023-05-16,002594.SZ,67.79
2023-05-16,600036.SH,79.91
2023-05-17,600000.SH,62.85
2023-05-17,600519.SH,74.83
2023-05-17,000001.SZ,89.58
2023-05-17,300750.SZ,89.44
2023-05-17,601318.SH,86.28
2023-05-17,000858.SZ,54.17
2023-05-17,002594.SZ,46.69
2023-05-17,600036.SH,74.45
2023-05-18,600000.SH,104.53
2023-05-18,600519.SH,70.22
2023-05-18,000001.SZ,70.31
2023-05-18,300750.SZ,105.81
2023-05-18,601318.SH,69.29
2023-05-18,000858.SZ,44.97
2023-05-18,002594.SZ,60.4
2023-05-18,600036.SH,67.11
2023-05-19,600000.SH,74.02
2023-05-19,600519.SH,107.44
2023-05-19,000001.SZ,51.69
2023-05-19,300750.SZ,64.97
2023-05-19,601318.SH,107.41
2023-05-19,000858.SZ,47.65
2023-05-19,002594.SZ,46.38
2023-05-19,600036.SH,74.98
2023-05-22,600000.SH,80.15
2023-05-22,600519.SH,52.83
2023-05-22,000001.SZ,97.47
2023-05-22,300750.SZ,85.49
2023-05-22,601318.SH,66.71
2023-05-22,000858.SZ,118.24
2023-05-22,002594.SZ,73.12
2023-05-22,600036.SH,65.37
2023-05-23,600000.SH,111.0
2023-05-23,600519.SH,56.98
2023-05-23,000001.SZ,94.67
2023-05-23,300750.SZ,108.01
2023-05-23,601318.SH,57.68
2023-05-23,000858.SZ,105.57
2023-05-23,002594.SZ,65.51
2023-05-23,600036.SH,43.68
2023-05-24,600000.SH,78.77
2023-05-24,600519.SH,84.36
2023-05-24,000001.SZ,42.35
2023-05-24,300750.SZ,112.41
2023-05-24,601318.SH,93.48
2023-05-24,000858.SZ,76.76
2023-05-24,002594.SZ,51.76
2023-05-24,600036.SH,73.42
2023-05-25,600000.SH,71.3
2023-05-25,600519.SH,72.1
2023-05-25,000001.SZ,41.5
2023-05-25,300750.SZ,85.97
2023-05-25,601318.SH,102.38
2023-05-25,000858.SZ,86.78
2023-05-25,002594.SZ,73.47
2023-05-25,600036.SH,113.34
2023-05-26,600000.SH,75.71
2023-05-26,600519.SH,57.34
2023-05-26,000001.SZ,55.96
2023-05-26,300750.SZ,99.79
2023-05-26,601318.SH,119.36
2023-05-26,000858.SZ,87.48
2023-05-26,002594.SZ,105.66
2023-05-26,600036.SH,42.93
2023-05-29,600000.SH,45.29
2023-05-29,600519.SH,110.94
2023-05-29,000001.SZ,50.81
2023-05-29,300750.SZ,67.32
2023-05-29,601318.SH,114.15
2023-05-29,000858.SZ,111.21
2023-05-29,002594.SZ,102.29
2023-05-29,600036.SH,98.81
2023-05-30,600000.SH,46.1
2023-05-30,600519.SH,86.85
2023-05-30,000001.SZ,104.13
2023-05-30,300750.SZ,53.37
2023-05-30,601318.SH,113.47
2023-05-30,000858.SZ,41.59
2023-05-30,002594.SZ,52.01
2023-05-30,600036.SH,57.93
2023-05-31,600000.SH,51.33
2023-05-31,600519.SH,80.85
2023-05-31,000001.SZ,45.81
2023-05-31,300750.SZ,104.81
2023-05-31,601318.SH,94.68
2023-05-31,000858.SZ,67.91
2023-05-31,002594.SZ,89.95
2023-05-31,600036.SH,60.79
2023-06-01,600000.SH,108.24
2023-06-01,600519.SH,41.81
2023-06-01,000001.SZ,57.95
2023-06-01,300750.SZ,80.2
2023-06-01,601318.SH,74.25
2023-06-01,000858.SZ,97.65
2023-06-01,002594.SZ,116.55
2023-06-01,600036.SH,102.99
2023-06-02,600000.SH,99.83
2023-06-02,600519.SH,81.72
2023-06-02,000001.SZ,101.67
2023-06-02,300750.SZ,98.6
2023-06-02,601318.SH,85.22
2023-06-02,000858.SZ,79.89
2023-06-02,002594.SZ,48.09
2023-06-02,600036.SH,115.42
2023-06-05,600000.SH,92.68
2023-06-05,600519.SH,54.53
2023-06-05,000001.SZ,82.47
2023-06-05,300750.SZ,115.23
2023-06-05,601318.SH,118.31
2023-06-05,000858.SZ,105.88
2023-06-05,002594.SZ,42.94
2023-06-05,600036.SH,64.79
2023-06-06,600000.SH,107.04
2023-06-06,600519.SH,119.78
2023-06-06,000001.SZ,50.68
2023-06-06,300750.SZ,66.73
2023-06-06,601318.SH,93.43
2023-06-06,000858.SZ,70.99
2023-06-06,002594.SZ,70.1
2023-06-06,600036.SH,84.01
2023-06-07,600000.SH,105.92
2023-06-07,600519.SH,115.95
2023-06-07,000001.SZ,103.85
2023-06-07,300750.SZ,100.63
2023-06-07,601318.SH,52.03
2023-06-07,000858.SZ,81.55
2023-06-07,002594.SZ,102.46
2023-06-07,600036.SH,76.04
2023-06-08,600000.SH,57.6
2023-06-08,600519.SH,75.65
2023-06-08,000001.SZ,71.29
2023-06-08,300750.SZ,51.4
2023-06-08,601318.SH,80.63
2023-06-08,000858.SZ,44.16
2023-06-08,002594.SZ,66.8
2023-06-08,600036.SH,81.7
2023-06-09,600000.SH,48.01
2023-06-09,600519.SH,74.82
2023-06-09,000001.SZ,104.59
2023-06-09,300750.SZ,48.75
2023-06-09,601318.SH,108.11
2023-06-09,000858.SZ,71.6
2023-06-09,002594.SZ,97.39
2023-06-09,600036.SH,89.45
2023-06-12,600000.SH,75.19
2023-06-12,600519.SH,110.18
2023-06-12,000001.SZ,71.96
2023-06-12,300750.SZ,96.81
2023-06-12,601318.SH,72.27
2023-06-12,000858.SZ,115.26
2023-06-12,002594.SZ,107.84
2023-06-12,600036.SH,62.28
2023-06-13,600000.SH,67.53
2023-06-13,600519.SH,82.67
2023-06-13,000001.SZ,75.86
2023-06-13,300750.SZ,52.51
2023-06-13,601318.SH,56.21
2023-06-13,000858.SZ,90.07
2023-06-13,002594.SZ,81.2
2023-06-13,600036.SH,56.67
2023-06-14,600000.SH,57.98
2023-06-14,600519.SH,92.88
2023-06-14,000001.SZ,97.37
2023-06-14,300750.SZ,83.56
2023-06-14,601318.SH,69.01
2023-06-14,000858.SZ,59.21
2023-06-14,002594.SZ,77.58
2023-06-14,600036.SH,67.78
2023-06-15,600000.SH,44.14
2023-06-15,600519.SH,87.44
2023-06-15,000001.SZ,64.18
2023-06-15,300750.SZ,88.76
2023-06-15,601318.SH,100.19
2023-06-15,000858.SZ,41.28
2023-06-15,002594.SZ,93.26
2023-06-15,600036.SH,95.56
2023-06-16,600000.SH,117.68
2023-06-16,600519.SH,119.56
2023-06-16,000001.SZ,118.51
2023-06-16,300750.SZ,94.62
2023-06-16,601318.SH,57.15
2023-06-16,000858.SZ,73.25
2023-06-16,002594.SZ,98.73
2023-06-16,600036.SH,78.27
2023-06-19,600000.SH,73.22
2023-06-19,600519.SH,49.85
2023-06-19,000001.SZ,65.02
2023-06-19,300750.SZ,42.86
2023-06-19,601318.SH,91.04
2023-06-19,000858.SZ,53.02
2023-06-19,002594.SZ,104.22
2023-06-19,600036.SH,53.26
2023-06-20,600000.SH,59.06
2023-06-20,600519.SH,87.5
2023-06-20,000001.SZ,46.39
2023-06-20,300750.SZ,49.43
2023-06-20,601318.SH,119.41
2023-06-20,000858.SZ,101.2
2023-06-20,002594.SZ,63.07
2023-06-20,600036.SH,48.09
2023-06-21,600000.SH,116.43
2023-06-21,600519.SH,53.2
2023-06-21,000001.SZ,94.3
2023-06-21,300750.SZ,71.51
2023-06-21,601318.SH,97.89
2023-06-21,000858.SZ,86.81
2023-06-21,002594.SZ,97.0
2023-06-21,600036.SH,78.81
2023-06-22,600000.SH,107.91
2023-06-22,600519.SH,49.5
2023-06-22,000001.SZ,83.65
2023-06-22,300750.SZ,43.13
2023-06-22,601318.SH,47.99
2023-06-22,000858.SZ,88.84
2023-06-22,002594.SZ,102.34
2023-06-22,600036.SH,49.29
2023-06-23,600000.SH,87.5
2023-06-23,600519.SH,45.22
2023-06-23,000001.SZ,86.65
2023-06-23,300750.SZ,44.32
2023-06-23,601318.SH,114.67
2023-06-23,000858.SZ,81.83
2023-06-23,002594.SZ,43.8
2023-06-23,600036.SH,54.53
2023-06-26,600000.SH,94.94
2023-06-26,600519.SH,61.45
2023-06-26,000001.SZ,56.21
2023-06-26,300750.SZ,94.32
2023-06-26,601318.SH,53.94
2023-06-26,000858.SZ,75.66
2023-06-26,002594.SZ,75.17
2023-06-26,600036.SH,66.61
2023-06-27,600000.SH,101.32
2023-06-27,600519.SH,78.37
2023-06-27,000001.SZ,77.73
2023-06-27,300750.SZ,103.56
2023-06-27,601318.SH,117.45
2023-06-27,000858.SZ,81.22
2023-06-27,002594.SZ,67.13
2023-06-27,600036.SH,55.29
2023-06-28,600000.SH,58.0
2023-06-28,600519.SH,55.84
2023-06-28,000001.SZ,72.13
2023-06-28,300750.SZ,108.19
2023-06-28,601318.SH,101.12
2023-06-28,000858.SZ,108.34
2023-06-28,002594.SZ,91.82
2023-06-28,600036.SH,87.0
2023-06-29,600000.SH,110.59
2023-06-29,600519.SH,92.32
2023-06-29,000001.SZ,80.02
2023-06-29,300750.SZ,107.92
2023-06-29,601318.SH,62.36
2023-06-29,000858.SZ,111.93
2023-06-29,002594.SZ,46.64
2023-06-29,600036.SH,66.27
2023-06-30,600000.SH,49.03
2023-06-30,600519.SH,111.24
2023-06-30,000001.SZ,71.97
2023-06-30,300750.SZ,93.71
2023-06-30,601318.SH,40.57
2023-06-30,000858.SZ,75.18
2023-06-30,002594.SZ,105.02
2023-06-30,600036.SH,85.61
2023-07-03,600000.SH,51.53
2023-07-03,600519.SH,81.93
2023-07-03,000001.SZ,106.19
2023-07-03,300750.SZ,100.96
2023-07-03,601318.SH,69.64
2023-07-03,000858.SZ,89.24
2023-07-03,002594.SZ,107.58
2023-07-03,600036.SH,118.12
2023-07-04,600000.SH,60.19
2023-07-04,600519.SH,69.77
2023-07-04,000001.SZ,92.34
2023-07-04,300750.SZ,70.68
2023-07-04,601318.SH,101.26
2023-07-04,000858.SZ,72.76
2023-07-04,002594.SZ,51.15
2023-07-04,600036.SH,49.32
2023-07-05,600000.SH,78.12
2023-07-05,600519.SH,47.69
2023-07-05,000001.SZ,59.64
2023-07-05,300750.SZ,53.36
2023-07-05,601318.SH,92.76
2023-07-05,000858.SZ,45.08
2023-07-05,002594.SZ,94.76
2023-07-05,600036.SH,50.47
2023-07-06,600000.SH,62.41
2023-07-06,600519.SH,68.95
2023-07-06,000001.SZ,78.75
2023-07-06,300750.SZ,90.01
2023-07-06,601318.SH,50.88
2023-07-06,000858.SZ,107.64
2023-07-06,002594.SZ,113.62
2023-07-06,600036.SH,112.76
2023-07-07,600000.SH,93.33
2023-07-07,600519.SH,107.64
2023-07-07,000001.SZ,74.5
2023-07-07,300750.SZ,107.62
2023-07-07,601318.SH,81.54
2023-07-07,000858.SZ,63.73
2023-07-07,002594.SZ,99.72
2023-07-07,600036.SH,76.75
2023-07-10,600000.SH,71.62
2023-07-10,600519.SH,42.66
2023-07-10,000001.SZ,45.82
2023-07-10,300750.SZ,105.93
2023-07-10,601318.SH,119.58
2023-07-10,000858.SZ,76.72
2023-07-10,002594.SZ,88.03
2023-07-10,600036.SH,52.61
2023-07-11,600000.SH,95.64
2023-07-11,600519.SH,72.16
2023-07-11,000001.SZ,61.21
2023-07-11,300750.SZ,114.72
2023-07-11,601318.SH,82.47
2023-07-11,000858.SZ,81.25
2023-07-11,002594.SZ,90.94
2023-07-11,600036.SH,70.76
2023-07-12,600000.SH,84.45
2023-07-12,600519.SH,110.39
2023-07-12,000001.SZ,115.96
2023-07-12,300750.SZ,101.65
2023-07-12,601318.SH,42.16
2023-07-12,000858.SZ,117.09
2023-07-12,002594.SZ,96.79
2023-07-12,600036.SH,74.36
2023-07-13,600000.SH,53.96
2023-07-13,600519.SH,88.8
2023-07-13,000001.SZ,84.25
2023-07-13,300750.SZ,68.87
2023-07-13,601318.SH,49.23
2023-07-13,000858.SZ,117.64
2023-07-13,002594.SZ,108.5
2023-07-13,600036.SH,97.13
2023-07-14,600000.SH,102.42
2023-07-14,600519.SH,43.73
2023-07-14,000001.SZ,106.14
2023-07-14,300750.SZ,41.23
2023-07-14,601318.SH,50.41
2023-07-14,000858.SZ,52.26
2023-07-14,002594.SZ,115.41
2023-07-14,600036.SH,103.66
2023-07-17,600000.SH,61.51
2023-07-17,600519.SH,89.53
2023-07-17,000001.SZ,83.99
2023-07-17,300750.SZ,58.75
2023-07-17,601318.SH,48.61
2023-07-17,000858.SZ,47.98
2023-07-17,002594.SZ,116.4
2023-07-17,600036.SH,79.75
2023-07-18,600000.SH,94.65
2023-07-18,600519.SH,70.8
2023-07-18,000001.SZ,105.21
2023-07-18,300750.SZ,50.98
2023-07-18,601318.SH,100.73
2023-07-18,000858.SZ,99.0
2023-07-18,002594.SZ,91.46
2023-07-18,600036.SH,116.6
2023-07-19,600000.SH,49.8
2023-07-19,600519.SH,80.1
2023-07-19,000001.SZ,88.57
2023-07-19,300750.SZ,77.54
2023-07-19,601318.SH,80.09
2023-07-19,000858.SZ,64.02
2023-07-19,002594.SZ,110.74
2023-07-19,600036.SH,60.6
2023-07-20,600000.SH,46.04
2023-07-20,600519.SH,91.53
2023-07-20,000001.SZ,117.86
2023-07-20,300750.SZ,111.11
2023-07-20,601318.SH,115.72
2023-07-20,000858.SZ,67.86
2023-07-20,002594.SZ,65.41
2023-07-20,600036.SH,118.59
2023-07-21,600000.SH,117.72
2023-07-21,600519.SH,93.53
2023-07-21,000001.SZ,100.54
2023-07-21,300750.SZ,109.22
2023-07-21,601318.SH,45.05
2023-07-21,000858.SZ,110.51
2023-07-21,002594.SZ,76.8
2023-07-21,600036.SH,44.33
2023-07-24,600000.SH,47.62
2023-07-24,600519.SH,113.45
2023-07-24,000001.SZ,54.95
2023-07-24,300750.SZ,88.94
2023-07-24,601318.SH,81.08
2023-07-24,000858.SZ,40.06
2023-07-24,002594.SZ,48.97
2023-07-24,600036.SH,99.94
2023-07-25,600000.SH,45.52
2023-07-25,600519.SH,46.64
2023-07-25,000001.SZ,95.87
2023-07-25,300750.SZ,90.36
2023-07-25,601318.SH,94.19
2023-07-25,000858.SZ,118.66
2023-07-25,002594.SZ,49.27
2023-07-25,600036.SH,113.88
2023-07-26,600000.SH,64.0
2023-07-26,600519.SH,58.93
2023-07-26,000001.SZ,42.76
2023-07-26,300750.SZ,58.78
2023-07-26,601318.SH,42.28
2023-07-26,000858.SZ,70.07
2023-07-26,002594.SZ,78.51
2023-07-26,600036.SH,80.73
2023-07-27,600000.SH,53.04
2023-07-27,600519.SH,112.26
2023-07-27,000001.SZ,64.03
2023-07-27,300750.SZ,77.83
2023-07-27,601318.SH,118.43
2023-07-27,000858.SZ,62.66
2023-07-27,002594.SZ,63.44
2023-07-27,600036.SH,77.5
2023-07-28,600000.SH,77.5
2023-07-28,600519.SH,41.52
2023-07-28,000001.SZ,88.81
2023-07-28,300750.SZ,115.35
2023-07-28,601318.SH,71.12
2023-07-28,000858.SZ,46.13
2023-07-28,002594.SZ,95.35
2023-07-28,600036.SH,67.77
2023-07-31,600000.SH,40.19
2023-07-31,600519.SH,76.61
2023-07-31,000001.SZ,108.51
2023-07-31,300750.SZ,94.29
2023-07-31,601318.SH,40.25
2023-07-31,000858.SZ,61.77
2023-07-31,002594.SZ,73.19
2023-07-31,600036.SH,77.09
2023-08-01,600000.SH,88.46
2023-08-01,600519.SH,57.47
2023-08-01,000001.SZ,85.49
2023-08-01,300750.SZ,79.16
2023-08-01,601318.SH,51.98
2023-08-01,000858.SZ,102.32
2023-08-01,002594.SZ,98.12
2023-08-01,600036.SH,87.2
2023-08-02,600000.SH,104.86
2023-08-02,600519.SH,110.52
2023-08-02,000001.SZ,64.1
2023-08-02,300750.SZ,118.08
2023-08-02,601318.SH,117.68
2023-08-02,000858.SZ,43.7
2023-08-02,002594.SZ,101.2
2023-08-02,600036.SH,88.93
2023-08-03,600000.SH,107.96
2023-08-03,600519.SH,68.38
2023-08-03,000001.SZ,43.0
2023-08-03,300750.SZ,95.91
2023-08-03,601318.SH,82.07
2023-08-03,000858.SZ,51.93
2023-08-03,002594.SZ,90.5
2023-08-03,600036.SH,56.77
2023-08-04,600000.SH,76.87
2023-08-04,600519.SH,105.53
2023-08-04,000001.SZ,96.18
2023-08-04,300750.SZ,51.94
2023-08-04,601318.SH,59.04
2023-08-04,000858.SZ,51.3
2023-08-04,002594.SZ,108.36
2023-08-04,600036.SH,48.11
2023-08-07,600000.SH,67.79
2023-08-07,600519.SH,89.45
2023-08-07,000001.SZ,45.62
2023-08-07,300750.SZ,89.17
2023-08-07,601318.SH,89.7
2023-08-07,000858.SZ,83.4
2023-08-07,002594.SZ,64.33
2023-08-07,600036.SH,58.02
2023-08-08,600000.SH,109.53
2023-08-08,600519.SH,54.32
2023-08-08,000001.SZ,104.27
2023-08-08,300750.SZ,43.32
2023-08-08,601318.SH,64.79
2023-08-08,000858.SZ,70.07
2023-08-08,002594.SZ,83.78
2023-08-08,600036.SH,90.68
2023-08-09,600000.SH,107.26
2023-08-09,600519.SH,111.73
2023-08-09,000001.SZ,104.67
2023-08-09,300750.SZ,93.01
2023-08-09,601318.SH,67.13
2023-08-09,000858.SZ,101.33
2023-08-09,002594.SZ,82.7
2023-08-09,600036.SH,70.43
2023-08-10,600000.SH,82.71
2023-08-10,600519.SH,88.91
2023-08-10,000001.SZ,74.14
2023-08-10,300750.SZ,82.02
2023-08-10,601318.SH,79.78
2023-08-10,000858.SZ,65.64
2023-08-10,002594.SZ,108.4
2023-08-10,600036.SH,116.89
2023-08-11,600000.SH,107.54
2023-08-11,600519.SH,78.24
2023-08-11,000001.SZ,45.38
2023-08-11,300750.SZ,61.35
2023-08-11,601318.SH,117.83
2023-08-11,000858.SZ,119.2
2023-08-11,002594.SZ,101.84
2023-08-11,600036.SH,94.81
2023-08-14,600000.SH,82.35
2023-08-14,600519.SH,53.71
2023-08-14,000001.SZ,74.47
2023-08-14,300750.SZ,99.72
2023-08-14,601318.SH,54.2
2023-08-14,000858.SZ,111.21
2023-08-14,002594.SZ,66.72
2023-08-14,600036.SH,114.96
2023-08-15,600000.SH,110.26
2023-08-15,600519.SH,95.7
2023-08-15,000001.SZ,47.87
2023-08-15,300750.SZ,44.69
2023-08-15,601318.SH,104.36
2023-08-15,000858.SZ,59.8
2023-08-15,002594.SZ,82.23
2023-08-15,600036.SH,55.68
2023-08-16,600000.SH,66.53
2023-08-16,600519.SH,116.1
2023-08-16,000001.SZ,68.96
2023-08-16,300750.SZ,78.46
2023-08-16,601318.SH,94.24
2023-08-16,000858.SZ,67.14
2023-08-16,002594.SZ,110.87
2023-08-16,600036.SH,42.13
2023-08-17,600000.SH,43.82
2023-08-17,600519.SH,43.01
2023-08-17,000001.SZ,95.43
2023-08-17,300750.SZ,86.18
2023-08-17,601318.SH,91.27
2023-08-17,000858.SZ,75.13
2023-08-17,002594.SZ,103.8
2023-08-17,600036.SH,84.11
2023-08-18,600000.SH,49.0
2023-08-18,600519.SH,92.59
2023-08-18,000001.SZ,98.04
2023-08-18,300750.SZ,54.69
2023-08-18,601318.SH,89.63
2023-08-18,000858.SZ,107.93
2023-08-18,002594.SZ,104.63
2023-08-18,600036.SH,98.77
2023-08-21,600000.SH,103.86
2023-08-21,600519.SH,50.19
2023-08-21,000001.SZ,63.86
2023-08-21,300750.SZ,44.89
2023-08-21,601318.SH,54.83
2023-08-21,000858.SZ,111.31
2023-08-21,002594.SZ,43.44
2023-08-21,600036.SH,48.11
2023-08-22,600000.SH,79.45
2023-08-22,600519.SH,82.05
2023-08-22,000001.SZ,41.79
2023-08-22,300750.SZ,79.96
2023-08-22,601318.SH,118.0
2023-08-22,000858.SZ,46.97
2023-08-22,002594.SZ,95.13
2023-08-22,600036.SH,71.75
2023-08-23,600000.SH,86.38
2023-08-23,600519.SH,47.47
2023-08-23,000001.SZ,60.36
2023-08-23,300750.SZ,67.2
2023-08-23,601318.SH,105.06
2023-08-23,000858.SZ,106.23
2023-08-23,002594.SZ,115.62
2023-08-23,600036.SH,75.34
2023-08-24,600000.SH,46.07
2023-08-24,600519.SH,58.01
2023-08-24,000001.SZ,58.19
2023-08-24,300750.SZ,118.34
2023-08-24,601318.SH,60.15
2023-08-24,000858.SZ,104.93
2023-08-24,002594.SZ,71.71
2023-08-24,600036.SH,53.83
2023-08-25,600000.SH,50.48
2023-08-25,600519.SH,75.73
2023-08-25,000001.SZ,65.15
2023-08-25,300750.SZ,99.4
2023-08-25,601318.SH,53.73
2023-08-25,000858.SZ,88.93
2023-08-25,002594.SZ,90.03
2023-08-25,600036.SH,76.59
2023-08-28,600000.SH,77.06
2023-08-28,600519.SH,62.73
2023-08-28,000001.SZ,45.73
2023-08-28,300750.SZ,53.56
2023-08-28,601318.SH,91.22
2023-08-28,000858.SZ,64.48
2023-08-28,002594.SZ,100.11
2023-08-28,600036.SH,110.75
2023-08-29,600000.SH,48.88
2023-08-29,600519.SH,82.86
2023-08-29,000001.SZ,113.66
2023-08-29,300750.SZ,112.93
2023-08-29,601318.SH,110.35
2023-08-29,000858.SZ,99.2
2023-08-29,002594.SZ,62.7
2023-08-29,600036.SH,94.62
2023-08-30,600000.SH,56.81
2023-08-30,600519.SH,110.94
2023-08-30,000001.SZ,75.25
2023-08-30,300750.SZ,48.7
2023-08-30,601318.SH,118.07
2023-08-30,000858.SZ,78.04
2023-08-30,002594.SZ,82.66
2023-08-30,600036.SH,112.24
2023-08-31,600000.SH,69.7
2023-08-31,600519.SH,97.16
2023-08-31,000001.SZ,74.06
2023-08-31,300750.SZ,54.92
2023-08-31,601318.SH,63.56
2023-08-31,000858.SZ,93.0
2023-08-31,002594.SZ,117.96
2023-08-31,600036.SH,83.1
2023-09-01,600000.SH,87.55
2023-09-01,600519.SH,67.56
2023-09-01,000001.SZ,46.0
2023-09-01,300750.SZ,69.68
2023-09-01,601318.SH,67.13
2023-09-01,000858.SZ,114.42
2023-09-01,002594.SZ,116.8
2023-09-01,600036.SH,105.79
2023-09-04,600000.SH,99.46
2023-09-04,600519.SH,42.36
2023-09-04,000001.SZ,90.47
2023-09-04,300750.SZ,113.15
2023-09-04,601318.SH,51.21
2023-09-04,000858.SZ,59.21
2023-09-04,002594.SZ,67.29
2023-09-04,600036.SH,76.12
2023-09-05,600000.SH,76.61
2023-09-05,600519.SH,65.25
2023-09-05,000001.SZ,83.3
2023-09-05,300750.SZ,106.32
2023-09-05,601318.SH,41.42
2023-09-05,000858.SZ,81.12
2023-09-05,002594.SZ,83.89
2023-09-05,600036.SH,86.75
2023-09-06,600000.SH,55.59
2023-09-06,600519.SH,111.51
2023-09-06,000001.SZ,114.71
2023-09-06,300750.SZ,99.79
2023-09-06,601318.SH,65.9
2023-09-06,000858.SZ,106.42
2023-09-06,002594.SZ,97.89
2023-09-06,600036.SH,58.81
2023-09-07,600000.SH,56.76
2023-09-07,600519.SH,109.52
2023-09-07,000001.SZ,66.78
2023-09-07,300750.SZ,92.05
2023-09-07,601318.SH,64.1
2023-09-07,000858.SZ,105.92
2023-09-07,002594.SZ,63.58
2023-09-07,600036.SH,50.7
2023-09-08,600000.SH,53.71
2023-09-08,600519.SH,46.21
2023-09-08,000001.SZ,60.7
2023-09-08,300750.SZ,114.43
2023-09-08,601318.SH,43.55
2023-09-08,000858.SZ,50.28
2023-09-08,002594.SZ,50.4
2023-09-08,600036.SH,106.48
2023-09-11,600000.SH,61.08
2023-09-11,600519.SH,67.71
2023-09-11,000001.SZ,44.65
2023-09-11,300750.SZ,53.29
2023-09-11,601318.SH,81.32
2023-09-11,000858.SZ,63.71
2023-09-11,002594.SZ,104.3
2023-09-11,600036.SH,46.4
2023-09-12,600000.SH,76.62
2023-09-12,600519.SH,115.29
2023-09-12,000001.SZ,118.76
2023-09-12,300750.SZ,116.93
2023-09-12,601318.SH,57.14
2023-09-12,000858.SZ,95.3
2023-09-12,002594.SZ,95.98
2023-09-12,600036.SH,74.21
2023-09-13,600000.SH,69.17
2023-09-13,600519.SH,103.7
2023-09-13,000001.SZ,88.91
2023-09-13,300750.SZ,47.4
2023-09-13,601318.SH,70.68
2023-09-13,000858.SZ,55.57
2023-09-13,002594.SZ,96.23
2023-09-13,600036.SH,85.49
2023-09-14,600000.SH,108.61
2023-09-14,600519.SH,59.38
2023-09-14,000001.SZ,88.53
2023-09-14,300750.SZ,72.48
2023-09-14,601318.SH,59.69
2023-09-14,000858.SZ,106.65
2023-09-14,002594.SZ,107.31
2023-09-14,600036.SH,60.24
2023-09-15,600000.SH,46.43
2023-09-15,600519.SH,104.87
2023-09-15,000001.SZ,100.68
2023-09-15,300750.SZ,115.99
2023-09-15,601318.SH,58.13
2023-09-15,000858.SZ,65.51
2023-09-15,002594.SZ,109.54
2023-09-15,600036.SH,72.18
2023-09-18,600000.SH,81.2
2023-09-18,600519.SH,42.89
2023-09-18,000001.SZ,66.47
2023-09-18,300750.SZ,108.19
2023-09-18,601318.SH,100.59
2023-09-18,000858.SZ,87.09
2023-09-18,002594.SZ,43.32
2023-09-18,600036.SH,80.05
2023-09-19,600000.SH,97.18
2023-09-19,600519.SH,101.4
2023-09-19,000001.SZ,60.25
2023-09-19,300750.SZ,78.53
2023-09-19,601318.SH,119.61
2023-09-19,000858.SZ,110.89
2023-09-19,002594.SZ,49.66
2023-09-19,600036.SH,119.83
2023-09-20,600000.SH,46.43
2023-09-20,600519.SH,91.15
2023-09-20,000001.SZ,112.14
2023-09-20,300750.SZ,87.6
2023-09-20,601318.SH,80.19
2023-09-20,000858.SZ,91.54
2023-09-20,002594.SZ,86.88
2023-09-20,600036.SH,115.89
2023-09-21,600000.SH,57.04
2023-09-21,600519.SH,44.56
2023-09-21,000001.SZ,48.44
2023-09-21,300750.SZ,91.24
2023-09-21,601318.SH,41.85
2023-09-21,000858.SZ,79.16
2023-09-21,002594.SZ,113.29
2023-09-21,600036.SH,70.9
2023-09-22,600000.SH,57.45
2023-09-22,600519.SH,88.49
2023-09-22,000001.SZ,60.2
2023-09-22,300750.SZ,119.91
2023-09-22,601318.SH,85.67
2023-09-22,000858.SZ,100.23
2023-09-22,002594.SZ,58.54
2023-09-22,600036.SH,71.76
2023-09-25,600000.SH,62.96
2023-09-25,600519.SH,117.15
2023-09-25,000001.SZ,69.84
2023-09-25,300750.SZ,50.06
2023-09-25,601318.SH,103.59
2023-09-25,000858.SZ,49.07
2023-09-25,002594.SZ,116.35
2023-09-25,600036.SH,106.42
2023-09-26,600000.SH,40.25
2023-09-26,600519.SH,46.48
2023-09-26,000001.SZ,119.35
2023-09-26,300750.SZ,115.51
2023-09-26,601318.SH,92.25
2023-09-26,000858.SZ,102.36
2023-09-26,002594.SZ,65.1
2023-09-26,600036.SH,114.49
2023-09-27,600000.SH,68.06
2023-09-27,600519.SH,65.23
2023-09-27,000001.SZ,52.08
2023-09-27,300750.SZ,68.24
2023-09-27,601318.SH,88.34
2023-09-27,000858.SZ,87.53
2023-09-27,002594.SZ,56.87
2023-09-27,600036.SH,49.75
2023-09-28,600000.SH,48.1
2023-09-28,600519.SH,111.4
2023-09-28,000001.SZ,107.81
2023-09-28,300750.SZ,105.46
2023-09-28,601318.SH,96.77
2023-09-28,000858.SZ,75.22
2023-09-28,002594.SZ,55.11
2023-09-28,600036.SH,116.82
2023-09-29,600000.SH,116.53
2023-09-29,600519.SH,115.02
2023-09-29,000001.SZ,92.02
2023-09-29,300750.SZ,93.09
2023-09-29,601318.SH,45.35
2023-09-29,000858.SZ,43.53
2023-09-29,002594.SZ,105.57
2023-09-29,600036.SH,76.48
2023-10-02,600000.SH,112.54
2023-10-02,600519.SH,61.54
2023-10-02,000001.SZ,43.62
2023-10-02,300750.SZ,66.42
2023-10-02,601318.SH,85.82
2023-10-02,000858.SZ,98.19
2023-10-02,002594.SZ,52.67
2023-10-02,600036.SH,117.12
2023-10-03,600000.SH,117.41
2023-10-03,600519.SH,79.4
2023-10-03,000001.SZ,68.02
2023-10-03,300750.SZ,95.69
2023-10-03,601318.SH,83.83
2023-10-03,000858.SZ,96.71
2023-10-03,002594.SZ,110.57
2023-10-03,600036.SH,96.8
2023-10-04,600000.SH,97.95
2023-10-04,600519.SH,54.66
2023-10-04,000001.SZ,80.35
2023-10-04,300750.SZ,52.6
2023-10-04,601318.SH,54.38
2023-10-04,000858.SZ,110.48
2023-10-04,002594.SZ,72.63
2023-10-04,600036.SH,111.71
2023-10-05,600000.SH,55.44
2023-10-05,600519.SH,89.93
2023-10-05,000001.SZ,96.03
2023-10-05,300750.SZ,80.88
2023-10-05,601318.SH,54.92
2023-10-05,000858.SZ,88.63
2023-10-05,002594.SZ,61.49
2023-10-05,600036.SH,106.43
2023-10-06,600000.SH,105.73
2023-10-06,600519.SH,74.64
2023-10-06,000001.SZ,51.35
2023-10-06,300750.SZ,86.86
2023-10-06,601318.SH,56.77
2023-10-06,000858.SZ,95.3
2023-10-06,002594.SZ,111.1
2023-10-06,600036.SH,79.71
2023-10-09,600000.SH,61.96
2023-10-09,600519.SH,90.58
2023-10-09,000001.SZ,61.31
2023-10-09,300750.SZ,44.6
2023-10-09,601318.SH,100.41
2023-10-09,000858.SZ,62.47
2023-10-09,002594.SZ,102.86
2023-10-09,600036.SH,78.88
2023-10-10,600000.SH,113.55
2023-10-10,600519.SH,103.0
2023-10-10,000001.SZ,55.53
2023-10-10,300750.SZ,104.82
2023-10-10,601318.SH,97.68
2023-10-10,000858.SZ,118.95
2023-10-10,002594.SZ,66.67
2023-10-10,600036.SH,73.73
2023-10-11,600000.SH,90.66
2023-10-11,600519.SH,63.2
2023-10-11,000001.SZ,92.39
2023-10-11,300750.SZ,72.41
2023-10-11,601318.SH,113.83
2023-10-11,000858.SZ,70.68
2023-10-11,002594.SZ,82.25
2023-10-11,600036.SH,113.21
2023-10-12,600000.SH,66.88
2023-10-12,600519.SH,110.78
2023-10-12,000001.SZ,70.29
2023-10-12,300750.SZ,87.23
2023-10-12,601318.SH,77.73
2023-10-12,000858.SZ,58.66
2023-10-12,002594.SZ,108.4
2023-10-12,600036.SH,100.13
2023-10-13,600000.SH,91.44
2023-10-13,600519.SH,40.24
2023-10-13,000001.SZ,77.27
2023-10-13,300750.SZ,81.51
2023-10-13,601318.SH,54.15
2023-10-13,000858.SZ,55.3
2023-10-13,002594.SZ,55.47
2023-10-13,600036.SH,71.07
2023-10-16,600000.SH,41.29
2023-10-16,600519.SH,65.92
2023-10-16,000001.SZ,51.47
2023-10-16,300750.SZ,103.94
2023-10-16,601318.SH,108.85
2023-10-16,000858.SZ,63.18
2023-10-16,002594.SZ,80.53
2023-10-16,600036.SH,81.71
2023-10-17,600000.SH,79.41
2023-10-17,600519.SH,68.75
2023-10-17,000001.SZ,87.15
2023-10-17,300750.SZ,94.97
2023-10-17,601318.SH,56.0
2023-10-17,000858.SZ,47.57
2023-10-17,002594.SZ,78.75
2023-10-17,600036.SH,64.74
2023-10-18,600000.SH,85.89
2023-10-18,600519.SH,81.27
2023-10-18,000001.SZ,59.68
2023-10-18,300750.SZ,70.17
2023-10-18,601318.SH,111.38
2023-10-18,000858.SZ,119.28
2023-10-18,002594.SZ,74.65
2023-10-18,600036.SH,108.85
2023-10-19,600000.SH,45.52
2023-10-19,600519.SH,89.35
2023-10-19,000001.SZ,106.47
2023-10-19,300750.SZ,67.82
2023-10-19,601318.SH,82.39
2023-10-19,000858.SZ,79.83
2023-10-19,002594.SZ,69.41
2023-10-19,600036.SH,56.72
2023-10-20,600000.SH,46.95
2023-10-20,600519.SH,90.12
2023-10-20,000001.SZ,91.24
2023-10-20,300750.SZ,48.91
2023-10-20,601318.SH,74.29
2023-10-20,000858.SZ,98.08
2023-10-20,002594.SZ,51.8
2023-10-20,600036.SH,90.81
2023-10-23,600000.SH,93.29
2023-10-23,600519.SH,97.28
2023-10-23,000001.SZ,51.51
2023-10-23,300750.SZ,113.37
2023-10-23,601318.SH,42.84
2023-10-23,000858.SZ,116.24
2023-10-23,002594.SZ,117.71
2023-10-23,600036.SH,62.35
2023-10-24,600000.SH,51.08
2023-10-24,600519.SH,96.68
2023-10-24,000001.SZ,109.2
2023-10-24,300750.SZ,51.54
2023-10-24,601318.SH,58.1
2023-10-24,000858.SZ,107.91
2023-10-24,002594.SZ,46.83
2023-10-24,600036.SH,45.32
2023-10-25,600000.SH,103.17
2023-10-25,600519.SH,110.06
2023-10-25,000001.SZ,72.95
2023-10-25,300750.SZ,70.83
2023-10-25,601318.SH,115.99
2023-10-25,000858.SZ,50.8
2023-10-25,002594.SZ,76.52
2023-10-25,600036.SH,48.36
2023-10-26,600000.SH,104.47
2023-10-26,600519.SH,85.39
2023-10-26,000001.SZ,87.96
2023-10-26,300750.SZ,89.07
2023-10-26,601318.SH,89.31
2023-10-26,000858.SZ,85.5
2023-10-26,002594.SZ,78.87
2023-10-26,600036.SH,97.27
2023-10-27,600000.SH,52.63
2023-10-27,600519.SH,75.1
2023-10-27,000001.SZ,50.84
2023-10-27,300750.SZ,69.62
2023-10-27,601318.SH,42.09
2023-10-27,000858.SZ,62.36
2023-10-27,002594.SZ,81.16
2023-10-27,600036.SH,46.73
2023-10-30,600000.SH,117.64
2023-10-30,600519.SH,42.42
2023-10-30,000001.SZ,57.42
2023-10-30,300750.SZ,111.19
2023-10-30,601318.SH,83.08
2023-10-30,000858.SZ,93.87
2023-10-30,002594.SZ,116.3
2023-10-30,600036.SH,105.23
2023-10-31,600000.SH,44.9
2023-10-31,600519.SH,52.45
2023-10-31,000001.SZ,79.16
2023-10-31,300750.SZ,69.52
2023-10-31,601318.SH,44.62
2023-10-31,000858.SZ,51.16
2023-10-31,002594.SZ,98.95
2023-10-31,600036.SH,76.69
2023-11-01,600000.SH,100.59
2023-11-01,600519.SH,77.27
2023-11-01,000001.SZ,94.49
2023-11-01,300750.SZ,44.23
2023-11-01,601318.SH,95.16
2023-11-01,000858.SZ,41.36
2023-11-01,002594.SZ,40.85
2023-11-01,600036.SH,111.67
2023-11-02,600000.SH,41.17
2023-11-02,600519.SH,79.91
2023-11-02,000001.SZ,117.52
2023-11-02,300750.SZ,101.99
2023-11-02,601318.SH,58.58
2023-11-02,000858.SZ,119.6
2023-11-02,002594.SZ,113.93
2023-11-02,600036.SH,53.38
2023-11-03,600000.SH,50.09
2023-11-03,600519.SH,92.34
2023-11-03,000001.SZ,77.35
2023-11-03,300750.SZ,86.07
2023-11-03,601318.SH,72.78
2023-11-03,000858.SZ,61.91
2023-11-03,002594.SZ,43.57
2023-11-03,600036.SH,43.63
2023-11-06,600000.SH,113.0
2023-11-06,600519.SH,101.89
2023-11-06,000001.SZ,86.41
2023-11-06,300750.SZ,53.61
2023-11-06,601318.SH,56.39
2023-11-06,000858.SZ,92.63
2023-11-06,002594.SZ,59.44
2023-11-06,600036.SH,112.66
2023-11-07,600000.SH,66.41
2023-11-07,600519.SH,91.34
2023-11-07,000001.SZ,83.72
2023-11-07,300750.SZ,100.96
2023-11-07,601318.SH,43.99
2023-11-07,000858.SZ,98.97
2023-11-07,002594.SZ,90.45
2023-11-07,600036.SH,46.6
2023-11-08,600000.SH,72.56
2023-11-08,600519.SH,58.94
2023-11-08,000001.SZ,49.53
2023-11-08,300750.SZ,43.2
2023-11-08,601318.SH,55.88
2023-11-08,000858.SZ,73.79
2023-11-08,002594.SZ,104.82
2023-11-08,600036.SH,118.25
2023-11-09,600000.SH,113.25
2023-11-09,600519.SH,48.24
2023-11-09,000001.SZ,66.12
2023-11-09,300750.SZ,61.97
2023-11-09,601318.SH,119.96
2023-11-09,000858.SZ,100.94
2023-11-09,002594.SZ,73.42
2023-11-09,600036.SH,55.53
2023-11-10,600000.SH,100.85
2023-11-10,600519.SH,110.81
2023-11-10,000001.SZ,88.31
2023-11-10,300750.SZ,72.0
2023-11-10,601318.SH,114.91
2023-11-10,000858.SZ,95.5
2023-11-10,002594.SZ,75.66
2023-11-10,600036.SH,57.01
2023-11-13,600000.SH,92.52
2023-11-13,600519.SH,107.74
2023-11-13,000001.SZ,41.79
2023-11-13,300750.SZ,70.01
2023-11-13,601318.SH,111.99
2023-11-13,000858.SZ,42.58
2023-11-13,002594.SZ,103.13
2023-11-13,600036.SH,73.82
2023-11-14,600000.SH,94.19
2023-11-14,600519.SH,81.1
2023-11-14,000001.SZ,59.35
2023-11-14,300750.SZ,78.88
2023-11-14,601318.SH,58.21
2023-11-14,000858.SZ,61.58
2023-11-14,002594.SZ,79.62
2023-11-14,600036.SH,115.22
2023-11-15,600000.SH,94.04
2023-11-15,600519.SH,77.61
2023-11-15,000001.SZ,55.37
2023-11-15,300750.SZ,89.54
2023-11-15,601318.SH,42.88
2023-11-15,000858.SZ,42.08
2023-11-15,002594.SZ,116.27
2023-11-15,600036.SH,67.32
2023-11-16,600000.SH,79.38
2023-11-16,600519.SH,88.77
2023-11-16,000001.SZ,79.78
2023-11-16,300750.SZ,49.08
2023-11-16,601318.SH,99.56
2023-11-16,000858.SZ,71.11
2023-11-16,002594.SZ,105.41
2023-11-16,600036.SH,79.05
2023-11-17,600000.SH,75.46
2023-11-17,600519.SH,92.74
2023-11-17,000001.SZ,59.33
2023-11-17,300750.SZ,51.3
2023-11-17,601318.SH,50.31
2023-11-17,000858.SZ,94.5
2023-11-17,002594.SZ,62.3
2023-11-17,600036.SH,70.82
2023-11-20,600000.SH,73.72
2023-11-20,600519.SH,52.27
2023-11-20,000001.SZ,96.26
2023-11-20,300750.SZ,75.34
2023-11-20,601318.SH,94.48
2023-11-20,000858.SZ,69.46
2023-11-20,002594.SZ,79.96
2023-11-20,600036.SH,56.31
2023-11-21,600000.SH,90.39
2023-11-21,600519.SH,110.68
2023-11-21,000001.SZ,115.61
2023-11-21,300750.SZ,60.48
2023-11-21,601318.SH,67.36
2023-11-21,000858.SZ,75.03
2023-11-21,002594.SZ,84.9
2023-11-21,600036.SH,92.61
2023-11-22,600000.SH,57.39
2023-11-22,600519.SH,47.09
2023-11-22,000001.SZ,111.73
2023-11-22,300750.SZ,108.55
2023-11-22,601318.SH,112.47
2023-11-22,000858.SZ,40.04
2023-11-22,002594.SZ,115.24
2023-11-22,600036.SH,96.04
2023-11-23,600000.SH,50.12
2023-11-23,600519.SH,103.85
2023-11-23,000001.SZ,110.75
2023-11-23,300750.SZ,60.44
2023-11-23,601318.SH,58.29
2023-11-23,000858.SZ,67.9
2023-11-23,002594.SZ,93.31
2023-11-23,600036.SH,97.95
2023-11-24,600000.SH,113.81
2023-11-24,600519.SH,60.27
2023-11-24,000001.SZ,40.35
2023-11-24,300750.SZ,100.16
2023-11-24,601318.SH,81.97
2023-11-24,000858.SZ,91.32
2023-11-24,002594.SZ,118.14
2023-11-24,600036.SH,78.16
2023-11-27,600000.SH,112.23
2023-11-27,600519.SH,58.61
2023-11-27,000001.SZ,71.1
2023-11-27,300750.SZ,49.14
2023-11-27,601318.SH,54.02
2023-11-27,000858.SZ,66.9
2023-11-27,002594.SZ,49.42
2023-11-27,600036.SH,102.08
2023-11-28,600000.SH,48.36
2023-11-28,600519.SH,42.8
2023-11-28,000001.SZ,110.05
2023-11-28,300750.SZ,117.06
2023-11-28,601318.SH,72.35
2023-11-28,000858.SZ,56.53
2023-11-28,002594.SZ,87.58
2023-11-28,600036.SH,69.99
2023-11-29,600000.SH,48.22
2023-11-29,600519.SH,93.04
2023-11-29,000001.SZ,101.47
2023-11-29,300750.SZ,67.23
2023-11-29,601318.SH,100.03
2023-11-29,000858.SZ,77.31
2023-11-29,002594.SZ,96.3
2023-11-29,600036.SH,51.65
2023-11-30,600000.SH,47.24
2023-11-30,600519.SH,107.14
2023-11-30,000001.SZ,63.41
2023-11-30,300750.SZ,65.92
2023-11-30,601318.SH,112.54
2023-11-30,000858.SZ,41.72
2023-11-30,002594.SZ,81.18
2023-11-30,600036.SH,118.14
2023-12-01,600000.SH,82.65
2023-12-01,600519.SH,67.17
2023-12-01,000001.SZ,105.61
2023-12-01,300750.SZ,90.03
2023-12-01,601318.SH,61.12
2023-12-01,000858.SZ,88.39
2023-12-01,002594.SZ,119.85
2023-12-01,600036.SH,40.52
2023-12-04,600000.SH,51.0
2023-12-04,600519.SH,80.23
2023-12-04,000001.SZ,47.6
2023-12-04,300750.SZ,66.62
2023-12-04,601318.SH,100.79
2023-12-04,000858.SZ,96.0
2023-12-04,002594.SZ,69.31
2023-12-04,600036.SH,41.29
2023-12-05,600000.SH,107.88
2023-12-05,600519.SH,109.47
2023-12-05,000001.SZ,107.18
2023-12-05,300750.SZ,94.3
2023-12-05,601318.SH,103.13
2023-12-05,000858.SZ,46.81
2023-12-05,002594.SZ,48.34
2023-12-05,600036.SH,78.92
2023-12-06,600000.SH,115.76
2023-12-06,600519.SH,115.08
2023-12-06,000001.SZ,45.52
2023-12-06,300750.SZ,98.3
2023-12-06,601318.SH,82.36
2023-12-06,000858.SZ,67.45
2023-12-06,002594.SZ,101.71
2023-12-06,600036.SH,83.36
2023-12-07,600000.SH,110.24
2023-12-07,600519.SH,93.89
2023-12-07,000001.SZ,40.52
2023-12-07,300750.SZ,105.52
2023-12-07,601318.SH,115.68
2023-12-07,000858.SZ,86.48
2023-12-07,002594.SZ,115.7
2023-12-07,600036.SH,56.14
2023-12-08,600000.SH,68.29
2023-12-08,600519.SH,115.48
2023-12-08,000001.SZ,86.85
2023-12-08,300750.SZ,104.42
2023-12-08,601318.SH,105.02
2023-12-08,000858.SZ,73.64
2023-12-08,002594.SZ,86.28
2023-12-08,600036.SH,50.96
2023-12-11,600000.SH,84.75
2023-12-11,600519.SH,113.23
2023-12-11,000001.SZ,44.9
2023-12-11,300750.SZ,81.79
2023-12-11,601318.SH,96.13
2023-12-11,000858.SZ,43.97
2023-12-11,002594.SZ,44.13
2023-12-11,600036.SH,91.72
2023-12-12,600000.SH,66.01
2023-12-12,600519.SH,111.92
2023-12-12,000001.SZ,49.89
2023-12-12,300750.SZ,58.65
2023-12-12,601318.SH,68.76
2023-12-12,000858.SZ,76.74
2023-12-12,002594.SZ,109.19
2023-12-12,600036.SH,111.34
2023-12-13,600000.SH,73.92
2023-12-13,600519.SH,109.17
2023-12-13,000001.SZ,105.34
2023-12-13,300750.SZ,64.12
2023-12-13,601318.SH,67.62
2023-12-13,000858.SZ,56.88
2023-12-13,002594.SZ,116.96
2023-12-13,600036.SH,100.33
2023-12-14,600000.SH,64.7
2023-12-14,600519.SH,103.98
2023-12-14,000001.SZ,91.62
2023-12-14,300750.SZ,83.34
2023-12-14,601318.SH,56.52
2023-12-14,000858.SZ,84.55
2023-12-14,002594.SZ,88.91
2023-12-14,600036.SH,46.57
2023-12-15,600000.SH,94.57
2023-12-15,600519.SH,119.83
2023-12-15,000001.SZ,56.58
2023-12-15,300750.SZ,92.22
2023-12-15,601318.SH,89.48
2023-12-15,000858.SZ,93.71
2023-12-15,002594.SZ,42.03
2023-12-15,600036.SH,71.33
2023-12-18,600000.SH,73.3
2023-12-18,600519.SH,90.74
2023-12-18,000001.SZ,109.36
2023-12-18,300750.SZ,87.61
2023-12-18,601318.SH,90.01
2023-12-18,000858.SZ,69.69
2023-12-18,002594.SZ,93.48
2023-12-18,600036.SH,40.34
2023-12-19,600000.SH,65.35
2023-12-19,600519.SH,68.86
2023-12-19,000001.SZ,44.35
2023-12-19,300750.SZ,87.41
2023-12-19,601318.SH,63.79
2023-12-19,000858.SZ,42.59
2023-12-19,002594.SZ,77.02
2023-12-19,600036.SH,54.76
2023-12-20,600000.SH,64.89
2023-12-20,600519.SH,79.78
2023-12-20,000001.SZ,52.18
2023-12-20,300750.SZ,109.1
2023-12-20,601318.SH,66.05
2023-12-20,000858.SZ,70.37
2023-12-20,002594.SZ,43.18
2023-12-20,600036.SH,95.7
