date,symbol,ret
2023-01-03,600000.SH,0.011046638302419068
2023-01-03,600519.SH,0.036875429276051
2023-01-03,000001.SZ,0.008041958977769203
2023-01-03,300750.SZ,0.042626452470593226
2023-01-03,601318.SH,-0.027410583635273933
2023-01-03,000858.SZ,0.028281844686684297
2023-01-03,002594.SZ,0.007345087000134626
2023-01-03,600036.SH,0.007531456035865957
2023-01-04,600000.SH,-0.006419493688814584
2023-01-04,600519.SH,-0.012822952916882027
2023-01-04,000001.SZ,0.014945413708864099
2023-01-04,300750.SZ,0.01137451023482268
2023-01-04,601318.SH,0.013993987953755225
2023-01-04,000858.SZ,-0.03615404049001963
2023-01-04,002594.SZ,0.009463012354699216
2023-01-04,600036.SH,0.04117084527362223
2023-01-05,600000.SH,-0.027328408338807827
2023-01-05,600519.SH,-0.0036660038030111035
2023-01-05,000001.SZ,-0.003451230297112506
2023-01-05,300750.SZ,-0.0020607148277928507
2023-01-05,601318.SH,-0.011329907394418456
2023-01-05,000858.SZ,-0.01325796306212897
2023-01-05,002594.SZ,-0.008948385638184399
2023-01-05,600036.SH,0.004282409940773165
2023-01-06,600000.SH,0.007188113117049175
2023-01-06,600519.SH,-0.003436346626302945
2023-01-06,000001.SZ,0.01988721611600004
2023-01-06,300750.SZ,0.017164463463954758
2023-01-06,601318.SH,0.020788933846338
2023-01-06,000858.SZ,-0.015137598817290345
2023-01-06,002594.SZ,-0.012291095048649434
2023-01-06,600036.SH,0.02038258125918701
2023-01-09,600000.SH,0.0031356804699988576
2023-01-09,600519.SH,-0.0027380329228047203
2023-01-09,000001.SZ,0.006474751058599092
2023-01-09,300750.SZ,-0.006705522471823313
2023-01-09,601318.SH,0.005121224836832766
2023-01-09,000858.SZ,0.01693774415522669
2023-01-09,002594.SZ,0.037991296854731293
2023-01-09,600036.SH,0.021548266153876457
2023-01-10,600000.SH,-0.008078151995143704
2023-01-10,600519.SH,-0.04556848740626904
2023-01-10,000001.SZ,0.03271863306174032
2023-01-10,300750.SZ,-0.023481589737859552
2023-01-10,601318.SH,-0.017976664911325976
2023-01-10,000858.SZ,0.012946120511175536
2023-01-10,002594.SZ,0.021935312074812523
2023-01-10,600036.SH,0.03300103417386795
2023-01-11,600000.SH,-0.020805498332663805
2023-01-11,600519.SH,0.01803556238750861
2023-01-11,000001.SZ,-0.004252978071294396
2023-01-11,300750.SZ,-0.01071878535013972
2023-01-11,601318.SH,0.0016237034705437105
2023-01-11,000858.SZ,0.008606332835275341
2023-01-11,002594.SZ,0.001828431416757235
2023-01-11,600036.SH,0.02105041620191739
2023-01-12,600000.SH,-0.01872532148023104
2023-01-12,600519.SH,-0.042599059943195725
2023-01-12,000001.SZ,-0.014816406237152477
2023-01-12,300750.SZ,-0.0034074633763322417
2023-01-12,601318.SH,-0.002042470079830319
2023-01-12,000858.SZ,0.024955272931287898
2023-01-12,002594.SZ,0.006681460449108841
2023-01-12,600036.SH,-0.007096625580172444
2023-01-13,600000.SH,-0.0010311596416497546
2023-01-13,600519.SH,0.023561358832861586
2023-01-13,000001.SZ,-0.008011596824399548
2023-01-13,300750.SZ,-0.028942253908077975
2023-01-13,601318.SH,0.0033969726001344975
2023-01-13,000858.SZ,0.01437559873689156
2023-01-13,002594.SZ,-0.021438538822626807
2023-01-13,600036.SH,-0.05913883937680226
2023-01-16,600000.SH,0.007622101952703732
2023-01-16,600519.SH,-0.0048803953946695055
2023-01-16,000001.SZ,-0.01794013231669237
2023-01-16,300750.SZ,-0.029235320860724962
2023-01-16,601318.SH,0.003303787489210813
2023-01-16,000858.SZ,-0.010082838342707885
2023-01-16,002594.SZ,0.004939299097550387
2023-01-16,600036.SH,0.0011952004905508332
2023-01-17,600000.SH,-0.008900421563081958
2023-01-17,600519.SH,-0.006866285519205354
2023-01-17,000001.SZ,-0.0030431719202578685
2023-01-17,300750.SZ,-0.009174959844261027
2023-01-17,601318.SH,0.005981477133435526
2023-01-17,000858.SZ,-0.014668541910665205
2023-01-17,002594.SZ,-0.006280609113816414
2023-01-17,600036.SH,0.017270984647156703
2023-01-18,600000.SH,-0.006401640400232953
2023-01-18,600519.SH,-0.012855855547687945
2023-01-18,000001.SZ,0.015258377565317728
2023-01-18,300750.SZ,-0.007689506888655975
2023-01-18,601318.SH,0.03288241495727864
2023-01-18,000858.SZ,-0.04119416555239732
2023-01-18,002594.SZ,-0.04256105901763878
2023-01-18,600036.SH,-0.02040000263151166
2023-01-19,600000.SH,0.01703043398451212
2023-01-19,600519.SH,-0.016219650266046028
2023-01-19,000001.SZ,-0.028019374553767733
2023-01-19,300750.SZ,0.0034314809296501015
2023-01-19,601318.SH,-0.01819082135046474
2023-01-19,000858.SZ,0.010838585630658511
2023-01-19,002594.SZ,0.012790718474378087
2023-01-19,600036.SH,-0.01816613520873816
2023-01-20,600000.SH,0.04814171783143911
2023-01-20,600519.SH,0.007646251077233637
2023-01-20,000001.SZ,-0.017355514973220236
2023-01-20,300750.SZ,-0.016481275047049614
2023-01-20,601318.SH,0.03060882383694769
2023-01-20,000858.SZ,0.0023249750761736416
2023-01-20,002594.SZ,0.0373897043144009
2023-01-20,600036.SH,0.0033178888834603684
2023-01-23,600000.SH,0.0062221334802991315
2023-01-23,600519.SH,0.01359043495004773
2023-01-23,000001.SZ,-0.006599743787232324
2023-01-23,300750.SZ,-0.020397964084758614
2023-01-23,601318.SH,-0.05060839057017749
2023-01-23,000858.SZ,0.01950518374977061
2023-01-23,002594.SZ,0.03400064151356075
2023-01-23,600036.SH,0.001304564049922283
2023-01-24,600000.SH,-0.03154022373918207
2023-01-24,600519.SH,0.024927635017897857
2023-01-24,000001.SZ,-0.011084263444378436
2023-01-24,300750.SZ,-0.04620077271221677
2023-01-24,601318.SH,0.0003272017452983145
2023-01-24,000858.SZ,0.0283952312431583
2023-01-24,002594.SZ,0.053864406536820376
2023-01-24,600036.SH,0.005377292642163866
2023-01-25,600000.SH,-0.006943499793220781
2023-01-25,600519.SH,-0.0030404920674662324
2023-01-25,000001.SZ,-0.011454580273795631
2023-01-25,300750.SZ,-0.037891699832990275
2023-01-25,601318.SH,-0.0036705706783534946
2023-01-25,000858.SZ,-0.014258084393881636
2023-01-25,002594.SZ,0.01816595057215567
2023-01-25,600036.SH,-0.02812508681873709
2023-01-26,600000.SH,0.010578716690909096
2023-01-26,600519.SH,-0.010281201254004075
2023-01-26,000001.SZ,-0.05559891620251046
2023-01-26,300750.SZ,0.026465066874165923
2023-01-26,601318.SH,-0.02555043735695413
2023-01-26,000858.SZ,0.0029700688029024296
2023-01-26,002594.SZ,0.029783833668067704
2023-01-26,600036.SH,0.0033014610573847258
2023-01-27,600000.SH,0.0032197995244267435
2023-01-27,600519.SH,0.004357155974171381
2023-01-27,000001.SZ,-0.012063235353391898
2023-01-27,300750.SZ,-0.0005141267356615168
2023-01-27,601318.SH,0.007678636819176913
2023-01-27,000858.SZ,-0.01790395560260333
2023-01-27,002594.SZ,-0.008636031567263724
2023-01-27,600036.SH,0.002062721111501442
2023-01-30,600000.SH,0.017045935873811063
2023-01-30,600519.SH,0.004269637501928216
2023-01-30,000001.SZ,-0.06287736640639628
2023-01-30,300750.SZ,-0.029802740457357892
2023-01-30,601318.SH,0.005863336830667492
2023-01-30,000858.SZ,0.01088880443941389
2023-01-30,002594.SZ,0.005134684023660755
2023-01-30,600036.SH,-0.029046996263948747
2023-01-31,600000.SH,-0.01257369200914428
2023-01-31,600519.SH,0.018206988383559147
2023-01-31,000001.SZ,-0.018278015951404877
2023-01-31,300750.SZ,-0.01605738608978966
2023-01-31,601318.SH,0.0007871298813241585
2023-01-31,000858.SZ,-0.017037554839428096
2023-01-31,002594.SZ,0.012150922362393988
2023-01-31,600036.SH,0.00812979549035228
2023-02-01,600000.SH,0.0005113431841884796
2023-02-01,600519.SH,0.01410534779463303
2023-02-01,000001.SZ,0.006165901471068492
2023-02-01,300750.SZ,-0.010212540984903906
2023-02-01,601318.SH,-0.03380799470460008
2023-02-01,000858.SZ,-0.0011611332881997104
2023-02-01,002594.SZ,-0.011376632477952384
2023-02-01,600036.SH,-0.031305892350601106
2023-02-02,600000.SH,-0.015332335345916904
2023-02-02,600519.SH,0.019363765319678032
2023-02-02,000001.SZ,0.043528676427343635
2023-02-02,300750.SZ,-0.04161277305759704
2023-02-02,601318.SH,-0.0009896407336491848
2023-02-02,000858.SZ,0.023527624428783735
2023-02-02,002594.SZ,-0.01789542503064638
2023-02-02,600036.SH,-0.013403749117494493
2023-02-03,600000.SH,-0.005370525599415066
2023-02-03,600519.SH,-0.026955341465262614
2023-02-03,000001.SZ,0.009271638086020063
2023-02-03,300750.SZ,0.03337522210025654
2023-02-03,601318.SH,-0.02032424943481532
2023-02-03,000858.SZ,-0.00710969603843854
2023-02-03,002594.SZ,0.002172051986633734
2023-02-03,600036.SH,-0.007060924319959686
2023-02-06,600000.SH,-0.017549072701929444
2023-02-06,600519.SH,0.04313409621137634
2023-02-06,000001.SZ,0.01889167129970444
2023-02-06,300750.SZ,-0.018292443400762925
2023-02-06,601318.SH,0.019118584698145244
2023-02-06,000858.SZ,0.014059222053239034
2023-02-06,002594.SZ,0.023480849642287083
2023-02-06,600036.SH,-0.0016562077651166146
2023-02-07,600000.SH,-0.0005892935216616569
2023-02-07,600519.SH,-0.039871216969092654
2023-02-07,000001.SZ,-0.031944281313921095
2023-02-07,300750.SZ,-0.014776914116276995
2023-02-07,601318.SH,0.013832317663191318
2023-02-07,000858.SZ,0.004608563762765015
2023-02-07,002594.SZ,-0.009547033439147668
2023-02-07,600036.SH,0.012014196305783023
2023-02-08,600000.SH,-0.014791541018914356
2023-02-08,600519.SH,0.002888409403725057
2023-02-08,000001.SZ,-0.02898637275533214
2023-02-08,300750.SZ,-0.02426235163543866
2023-02-08,601318.SH,-0.04712609728270366
2023-02-08,000858.SZ,-0.009368750694658149
2023-02-08,002594.SZ,-0.021792000019353486
2023-02-08,600036.SH,-0.007701163872175096
2023-02-09,600000.SH,0.00980627567215509
2023-02-09,600519.SH,-0.009150892951917327
2023-02-09,000001.SZ,0.0009180129917154061
2023-02-09,300750.SZ,0.017173609441827012
2023-02-09,601318.SH,-0.0007088931199194501
2023-02-09,000858.SZ,0.022078295325684966
2023-02-09,002594.SZ,0.009902188262185349
2023-02-09,600036.SH,-0.002840666302965001
2023-02-10,600000.SH,-0.031538753926064825
2023-02-10,600519.SH,-0.024138860775658435
2023-02-10,000001.SZ,-0.020656451144918847
2023-02-10,300750.SZ,0.0270015662531072
2023-02-10,601318.SH,-0.005602356038562176
2023-02-10,000858.SZ,7.19316445949618e-05
2023-02-10,002594.SZ,0.00737099007176938
2023-02-10,600036.SH,0.011691516857385391
2023-02-13,600000.SH,0.03412956126464305
2023-02-13,600519.SH,0.042477547235047035
2023-02-13,000001.SZ,-0.003117907331655725
2023-02-13,300750.SZ,0.000540877852129822
2023-02-13,601318.SH,-0.026627339418370907
2023-02-13,000858.SZ,-0.011092864370591284
2023-02-13,002594.SZ,0.0023157795279342046
2023-02-13,600036.SH,-0.02030779056336054
2023-02-14,600000.SH,-0.03194540465552148
2023-02-14,600519.SH,0.0057204413794573
2023-02-14,000001.SZ,-0.00937510313483094
2023-02-14,300750.SZ,0.01073579274363924
2023-02-14,601318.SH,0.011722989981092146
2023-02-14,000858.SZ,-0.00302806505857972
2023-02-14,002594.SZ,-0.023481265749902537
2023-02-14,600036.SH,0.014882875453930348
2023-02-15,600000.SH,-0.018051712236281905
2023-02-15,600519.SH,0.010758711031742472
2023-02-15,000001.SZ,-0.012981178812949405
2023-02-15,300750.SZ,-0.0132717298752417
2023-02-15,601318.SH,-0.0185426927365016
2023-02-15,000858.SZ,-0.033850741045995815
2023-02-15,002594.SZ,-0.03630890569137523
2023-02-15,600036.SH,0.033311219262418965
2023-02-16,600000.SH,-0.020211324936311847
2023-02-16,600519.SH,0.002336525335531141
2023-02-16,000001.SZ,0.005648790700628878
2023-02-16,300750.SZ,0.003965321975903504
2023-02-16,601318.SH,-0.01794257701892282
2023-02-16,000858.SZ,-0.024052200981893486
2023-02-16,002594.SZ,0.01098975515788433
2023-02-16,600036.SH,-0.006360524126814899
2023-02-17,600000.SH,-0.016372819648353475
2023-02-17,600519.SH,0.0254071185904783
2023-02-17,000001.SZ,0.029797926477243858
2023-02-17,300750.SZ,0.02317216891666447
2023-02-17,601318.SH,-0.014019383285749644
2023-02-17,000858.SZ,0.006506937160298935
2023-02-17,002594.SZ,0.011646062335568856
2023-02-17,600036.SH,0.0012810808150983883
2023-02-20,600000.SH,0.01513389201447434
2023-02-20,600519.SH,0.014201779703092594
2023-02-20,000001.SZ,-0.007411620721637889
2023-02-20,300750.SZ,0.013343993932219862
2023-02-20,601318.SH,-0.014469904152516616
2023-02-20,000858.SZ,0.022866250682798083
2023-02-20,002594.SZ,0.0016170257472058705
2023-02-20,600036.SH,0.026653477665582414
2023-02-21,600000.SH,3.8704470822914565e-05
2023-02-21,600519.SH,-0.005988382645959231
2023-02-21,000001.SZ,-0.02844321603450277
2023-02-21,300750.SZ,0.0008863836218998773
2023-02-21,601318.SH,0.0002871691059259949
2023-02-21,000858.SZ,-0.03068511843360063
2023-02-21,002594.SZ,-0.0037674150548103313
2023-02-21,600036.SH,-0.012106226357039616
2023-02-22,600000.SH,0.014933397904380813
2023-02-22,600519.SH,-0.01600422559255694
2023-02-22,000001.SZ,0.0015854684551810025
2023-02-22,300750.SZ,-0.006960543958438911
2023-02-22,601318.SH,-0.008874986772148114
2023-02-22,000858.SZ,0.009975213417601785
2023-02-22,002594.SZ,0.03361127625596972
2023-02-22,600036.SH,-0.019663981897872402
2023-02-23,600000.SH,-0.010232011673097025
2023-02-23,600519.SH,-0.0010863278543317577
2023-02-23,000001.SZ,-0.011211031010868224
2023-02-23,300750.SZ,0.007190001809064901
2023-02-23,601318.SH,-0.025514363517875078
2023-02-23,000858.SZ,-0.012310887409026505
2023-02-23,002594.SZ,0.008116900324127173
2023-02-23,600036.SH,0.02768239764672851
2023-02-24,600000.SH,-0.009818036117749597
2023-02-24,600519.SH,0.01474822902249942
2023-02-24,000001.SZ,0.001021968990572652
2023-02-24,300750.SZ,-0.005586461419599228
2023-02-24,601318.SH,-0.01710565478033163
2023-02-24,000858.SZ,0.006255937502711037
2023-02-24,002594.SZ,-0.015312299394826515
2023-02-24,600036.SH,-0.01736258786596617
2023-02-27,600000.SH,-0.029041452899171556
2023-02-27,600519.SH,0.0215775791680029
2023-02-27,000001.SZ,0.017497779340183584
2023-02-27,300750.SZ,0.0051470302116911615
2023-02-27,601318.SH,-0.0011520354711378532
2023-02-27,000858.SZ,-0.003033036340330736
2023-02-27,002594.SZ,-0.01566800109939392
2023-02-27,600036.SH,-0.01597749451542765
2023-02-28,600000.SH,-0.010158083731937991
2023-02-28,600519.SH,0.00888092766047326
2023-02-28,000001.SZ,0.00034158096149238497
2023-02-28,300750.SZ,-0.008404152085474981
2023-02-28,601318.SH,0.010771233004109884
2023-02-28,000858.SZ,-0.0160130979816205
2023-02-28,002594.SZ,0.02177329691704639
2023-02-28,600036.SH,-0.013533887666334546
2023-03-01,600000.SH,-0.0046647465647737
2023-03-01,600519.SH,-0.027698563006080527
2023-03-01,000001.SZ,-0.02453450653442872
2023-03-01,300750.SZ,0.036508325502147304
2023-03-01,601318.SH,-0.002226498386716112
2023-03-01,000858.SZ,-0.01582505309376237
2023-03-01,002594.SZ,0.010210897952974132
2023-03-01,600036.SH,-0.007319197126265767
2023-03-02,600000.SH,-0.004052779194678162
2023-03-02,600519.SH,-0.00817805720829295
2023-03-02,000001.SZ,-0.007081657726471075
2023-03-02,300750.SZ,-0.016952967589445204
2023-03-02,601318.SH,0.010261506132266583
2023-03-02,000858.SZ,0.003702877057112397
2023-03-02,002594.SZ,-0.0341538707089472
2023-03-02,600036.SH,-0.02309345087519364
2023-03-03,600000.SH,0.00032294013385469634
2023-03-03,600519.SH,0.015941541736070142
2023-03-03,000001.SZ,0.013106545366279077
2023-03-03,300750.SZ,-0.009390638138855762
2023-03-03,601318.SH,0.017847896690845248
2023-03-03,000858.SZ,-0.00918188887540424
2023-03-03,002594.SZ,0.003667523366100421
2023-03-03,600036.SH,0.012979295333169192
2023-03-06,600000.SH,-0.004318678780378882
2023-03-06,600519.SH,0.02212629557026468
2023-03-06,000001.SZ,0.0176551754293923
2023-03-06,300750.SZ,0.0020828230576489452
2023-03-06,601318.SH,-0.00014578290664903992
2023-03-06,000858.SZ,-0.008028087563891638
2023-03-06,002594.SZ,0.0032448662990559687
2023-03-06,600036.SH,-0.012515971724480624
2023-03-07,600000.SH,0.026894298472411985
2023-03-07,600519.SH,-0.021926154909049953
2023-03-07,000001.SZ,-0.007567131649311207
2023-03-07,300750.SZ,-0.0222728008403662
2023-03-07,601318.SH,-0.001232893157373338
2023-03-07,000858.SZ,0.03214233216253076
2023-03-07,002594.SZ,0.008056561231808384
2023-03-07,600036.SH,0.01968368293652611
2023-03-08,600000.SH,-0.015968813403037047
2023-03-08,600519.SH,-0.03427841345215474
2023-03-08,000001.SZ,-0.01192457732229161
2023-03-08,300750.SZ,-0.016392890510319755
2023-03-08,601318.SH,0.00877713681215329
2023-03-08,000858.SZ,-0.0007270335462022447
2023-03-08,002594.SZ,0.009268989338106546
2023-03-08,600036.SH,0.009131211391774181
2023-03-09,600000.SH,-0.004383586013783031
2023-03-09,600519.SH,0.02180575994950557
2023-03-09,000001.SZ,-0.006114288854475096
2023-03-09,300750.SZ,-0.03200533525386523
2023-03-09,601318.SH,-0.02338725107771164
2023-03-09,000858.SZ,-0.001745970028151657
2023-03-09,002594.SZ,0.017426485201535565
2023-03-09,600036.SH,-0.014047320987416208
2023-03-10,600000.SH,0.03432488325734306
2023-03-10,600519.SH,0.008652936004470969
2023-03-10,000001.SZ,0.0052319317926203595
2023-03-10,300750.SZ,0.062319807563507766
2023-03-10,601318.SH,-0.0036416483682318833
2023-03-10,000858.SZ,-0.0094982779108204
2023-03-10,002594.SZ,0.023970032669980417
2023-03-10,600036.SH,0.021859796171894194
2023-03-13,600000.SH,-0.013230147065933258
2023-03-13,600519.SH,-0.006588410236919524
2023-03-13,000001.SZ,0.012507836259862964
2023-03-13,300750.SZ,-0.026076411321998737
2023-03-13,601318.SH,0.029064554242116434
2023-03-13,000858.SZ,0.01897672500859701
2023-03-13,002594.SZ,-0.03196003383003532
2023-03-13,600036.SH,-0.03466265415764471
2023-03-14,600000.SH,-0.002821499513128071
2023-03-14,600519.SH,-0.034248869793756125
2023-03-14,000001.SZ,-0.022510067382581368
2023-03-14,300750.SZ,-0.04405851101674873
2023-03-14,601318.SH,-0.013039632573579993
2023-03-14,000858.SZ,-0.007475537696181644
2023-03-14,002594.SZ,0.03177584131651488
2023-03-14,600036.SH,0.023458683705267668
2023-03-15,600000.SH,-0.004050825157445475
2023-03-15,600519.SH,0.0037373308709642205
2023-03-15,000001.SZ,0.01839481808141047
2023-03-15,300750.SZ,0.004094815907964301
2023-03-15,601318.SH,-0.016531563415982713
2023-03-15,000858.SZ,0.00476767182513207
2023-03-15,002594.SZ,0.0021493323306404546
2023-03-15,600036.SH,0.03139096364435887
2023-03-16,600000.SH,0.020125805867971858
2023-03-16,600519.SH,0.01832181924186316
2023-03-16,000001.SZ,0.03905564181650052
2023-03-16,300750.SZ,-0.01040926088567219
2023-03-16,601318.SH,-0.0057966352997532574
2023-03-16,000858.SZ,-0.004300700655802497
2023-03-16,002594.SZ,-0.0024525040704350795
2023-03-16,600036.SH,0.0043933144498017745
2023-03-17,600000.SH,0.013838815740497997
2023-03-17,600519.SH,0.012716198976179241
2023-03-17,000001.SZ,0.03937933380810575
2023-03-17,300750.SZ,0.002959804167196049
2023-03-17,601318.SH,-0.013087866713619627
2023-03-17,000858.SZ,0.00750820974630968
2023-03-17,002594.SZ,-0.00883178598100464
2023-03-17,600036.SH,-0.012347619751377005
2023-03-20,600000.SH,-0.01923416768222507
2023-03-20,600519.SH,-0.009447766038023565
2023-03-20,000001.SZ,-0.01611954069736649
2023-03-20,300750.SZ,-0.05960322964383754
2023-03-20,601318.SH,-0.03307283504085259
2023-03-20,000858.SZ,0.02011564706572696
2023-03-20,002594.SZ,-0.008996698225251192
2023-03-20,600036.SH,0.017410085678214175
2023-03-21,600000.SH,-0.00963160511558282
2023-03-21,600519.SH,-0.022326956904439494
2023-03-21,000001.SZ,-0.010390432277788358
2023-03-21,300750.SZ,-0.00708635704739312
2023-03-21,601318.SH,-0.02168109371636509
2023-03-21,000858.SZ,-0.007818972809575869
2023-03-21,002594.SZ,-0.009717961770046782
2023-03-21,600036.SH,0.025410663037658134
2023-03-22,600000.SH,0.023258356441156626
2023-03-22,600519.SH,0.004006771622304615
2023-03-22,000001.SZ,-0.028795131552924562
2023-03-22,300750.SZ,0.024596139325018643
2023-03-22,601318.SH,-0.025623005191085384
2023-03-22,000858.SZ,0.0003156104580341182
2023-03-22,002594.SZ,0.022493187226195515
2023-03-22,600036.SH,0.010481532235065222
2023-03-23,600000.SH,0.027978926682182
2023-03-23,600519.SH,-0.007243746989053157
2023-03-23,000001.SZ,-0.0072494005913262185
2023-03-23,300750.SZ,0.007011651289942538
2023-03-23,601318.SH,-0.02419508639273583
2023-03-23,000858.SZ,0.014680077688478437
2023-03-23,002594.SZ,0.006612947403113709
2023-03-23,600036.SH,0.015606229481819488
2023-03-24,600000.SH,-0.023766803688672733
2023-03-24,600519.SH,-0.025240328863333918
2023-03-24,000001.SZ,0.018618127912854873
2023-03-24,300750.SZ,0.016855838445779453
2023-03-24,601318.SH,-0.008767247711875292
2023-03-24,000858.SZ,0.009347018997482907
2023-03-24,002594.SZ,-0.00863717024904524
2023-03-24,600036.SH,-0.003968812167706277
2023-03-27,600000.SH,-0.041534957895283976
2023-03-27,600519.SH,0.00953813645512437
2023-03-27,000001.SZ,0.022148164522484963
2023-03-27,300750.SZ,-0.038787125727350415
2023-03-27,601318.SH,-0.0003028877174131539
2023-03-27,000858.SZ,-0.010828494723848453
2023-03-27,002594.SZ,-0.009568510331169145
2023-03-27,600036.SH,0.011249852497178142
2023-03-28,600000.SH,0.02880140848542889
2023-03-28,600519.SH,-0.0028540920210826
2023-03-28,000001.SZ,0.018540382995422006
2023-03-28,300750.SZ,0.01877948454890591
2023-03-28,601318.SH,0.013999486096179885
2023-03-28,000858.SZ,-0.02900262327523611
2023-03-28,002594.SZ,-0.0013338155615959572
2023-03-28,600036.SH,-0.0019010544344992733
2023-03-29,600000.SH,0.026559872554233355
2023-03-29,600519.SH,-0.00016998926936587436
2023-03-29,000001.SZ,-0.024637533129417827
2023-03-29,300750.SZ,0.013589728870482383
2023-03-29,601318.SH,0.03527465169170552
2023-03-29,000858.SZ,-0.006817897219420417
2023-03-29,002594.SZ,-0.023079218970481336
2023-03-29,600036.SH,-0.03657800876528625
2023-03-30,600000.SH,0.03257780650375478
2023-03-30,600519.SH,0.006375617767402586
2023-03-30,000001.SZ,-0.013500207951254282
2023-03-30,300750.SZ,0.014024440602062519
2023-03-30,601318.SH,0.005351454268355217
2023-03-30,000858.SZ,-0.021996148207973465
2023-03-30,002594.SZ,-0.023193240885855983
2023-03-30,600036.SH,0.02088644014377538
2023-03-31,600000.SH,-0.02112130834109544
2023-03-31,600519.SH,0.006638846095949384
2023-03-31,000001.SZ,0.04560439833172099
2023-03-31,300750.SZ,-0.00407678464507218
2023-03-31,601318.SH,0.006366977637351845
2023-03-31,000858.SZ,0.0015512970931201861
2023-03-31,002594.SZ,-0.006417905334068195
2023-03-31,600036.SH,0.01803016477318513
2023-04-03,600000.SH,0.015966402568545895
2023-04-03,600519.SH,0.0006696805319741215
2023-04-03,000001.SZ,-0.021055552733644473
2023-04-03,300750.SZ,-0.038405222108655136
2023-04-03,601318.SH,-0.04394307898338681
2023-04-03,000858.SZ,-0.006497295347691452
2023-04-03,002594.SZ,0.02411813018375751
2023-04-03,600036.SH,-0.001090544123334217
2023-04-04,600000.SH,0.016299244483720162
2023-04-04,600519.SH,0.012600160221043656
2023-04-04,000001.SZ,-0.03758157662616295
2023-04-04,300750.SZ,0.009712423375743363
2023-04-04,601318.SH,0.01999200200904864
2023-04-04,000858.SZ,0.009362028526952362
2023-04-04,002594.SZ,0.023039423998780277
2023-04-04,600036.SH,-0.025885308470264965
2023-04-05,600000.SH,0.0036253604219629127
2023-04-05,600519.SH,0.008342916049617753
2023-04-05,000001.SZ,-0.013649600759460192
2023-04-05,300750.SZ,0.002051152511367023
2023-04-05,601318.SH,0.02455784200326892
2023-04-05,000858.SZ,0.025595290200868318
2023-04-05,002594.SZ,0.002683579112324812
2023-04-05,600036.SH,-0.017033214746132154
2023-04-06,600000.SH,0.0029244475353844245
2023-04-06,600519.SH,0.024921214918850573
2023-04-06,000001.SZ,0.017459408393819487
2023-04-06,300750.SZ,-0.03784750377312431
2023-04-06,601318.SH,-0.004088870916853343
2023-04-06,000858.SZ,-0.0063976380027506805
2023-04-06,002594.SZ,-0.010623195211468863
2023-04-06,600036.SH,-0.0007644304954147573
2023-04-07,600000.SH,0.0175720722489307
2023-04-07,600519.SH,-0.0035599008147266047
2023-04-07,000001.SZ,0.011547805605877766
2023-04-07,300750.SZ,0.017876726968068034
2023-04-07,601318.SH,0.02255043124064235
2023-04-07,000858.SZ,-0.000655797788157534
2023-04-07,002594.SZ,0.02666317236423627
2023-04-07,600036.SH,-0.0040047487524853195
2023-04-10,600000.SH,-0.0017365540549173315
2023-04-10,600519.SH,0.026784753715810114
2023-04-10,000001.SZ,-0.0033588287630690987
2023-04-10,300750.SZ,-0.050420732976590985
2023-04-10,601318.SH,0.021799450764890933
2023-04-10,000858.SZ,-0.009056703345142076
2023-04-10,002594.SZ,-0.06660932711592714
2023-04-10,600036.SH,0.00290946685110696
2023-04-11,600000.SH,-0.0022263514628400967
2023-04-11,600519.SH,-0.003197902539999531
2023-04-11,000001.SZ,0.021129437484016755
2023-04-11,300750.SZ,-0.01707241769199574
2023-04-11,601318.SH,-0.027776001013580163
2023-04-11,000858.SZ,0.010779532312969613
2023-04-11,002594.SZ,-0.0033473661484820765
2023-04-11,600036.SH,0.0116959847714757
2023-04-12,600000.SH,0.00564820288315921
2023-04-12,600519.SH,-0.010637263393157088
2023-04-12,000001.SZ,0.01631717809350744
2023-04-12,300750.SZ,0.032461775143455204
2023-04-12,601318.SH,0.031579838126763654
2023-04-12,000858.SZ,-0.011624905272865816
2023-04-12,002594.SZ,-0.004577767089989533
2023-04-12,600036.SH,-0.007284342267923716
2023-04-13,600000.SH,0.03673095046430114
2023-04-13,600519.SH,-0.021305110751386337
2023-04-13,000001.SZ,-0.005522459382467623
2023-04-13,300750.SZ,0.004899253018314985
2023-04-13,601318.SH,0.000715510855400652
2023-04-13,000858.SZ,0.020485301217160978
2023-04-13,002594.SZ,-0.00022835485611735615
2023-04-13,600036.SH,-0.019113925608044174
2023-04-14,600000.SH,-0.02033186359686932
2023-04-14,600519.SH,-0.006034388807302024
2023-04-14,000001.SZ,-0.007223365823104043
2023-04-14,300750.SZ,0.0032428105939192554
2023-04-14,601318.SH,0.010166095345302622
2023-04-14,000858.SZ,-0.0033672195558585934
2023-04-14,002594.SZ,0.026819700371999745
2023-04-14,600036.SH,-0.0003380649281747962
2023-04-17,600000.SH,0.012099591785674602
2023-04-17,600519.SH,-0.02270800217711122
2023-04-17,000001.SZ,0.0030557015351526692
2023-04-17,300750.SZ,-0.0013298808539546844
2023-04-17,601318.SH,-0.01343475504001838
2023-04-17,000858.SZ,-0.0022398892241181495
2023-04-17,002594.SZ,-0.00448987150902985
2023-04-17,600036.SH,0.01975426515188831
2023-04-18,600000.SH,0.017999745657884477
2023-04-18,600519.SH,0.021454746056985077
2023-04-18,000001.SZ,-0.031144784709266002
2023-04-18,300750.SZ,-0.004801267659743757
2023-04-18,601318.SH,0.0010846305404012154
2023-04-18,000858.SZ,0.041533508986348215
2023-04-18,002594.SZ,0.007571215354759301
2023-04-18,600036.SH,-0.022800956841728927
2023-04-19,600000.SH,-0.0008409241291314455
2023-04-19,600519.SH,0.02035147418765783
2023-04-19,000001.SZ,0.014378412427816192
2023-04-19,300750.SZ,-0.008120126092745037
2023-04-19,601318.SH,0.013153513805311007
2023-04-19,000858.SZ,-0.01236080354470441
2023-04-19,002594.SZ,-0.005620572583368427
2023-04-19,600036.SH,-0.0519864936229061
2023-04-20,600000.SH,0.05038764395304596
2023-04-20,600519.SH,-0.006845397333850831
2023-04-20,000001.SZ,0.022067063741632083
2023-04-20,300750.SZ,0.006242184161736369
2023-04-20,601318.SH,0.02085898319201722
2023-04-20,000858.SZ,-0.0038719817254258193
2023-04-20,002594.SZ,-0.02613519840212608
2023-04-20,600036.SH,0.026146156129070407
2023-04-21,600000.SH,-0.005583248891020291
2023-04-21,600519.SH,-0.017445377722224646
2023-04-21,000001.SZ,-0.0073904363353422785
2023-04-21,300750.SZ,0.015241431462983965
2023-04-21,601318.SH,0.007409984536383036
2023-04-21,000858.SZ,-0.005330908766992588
2023-04-21,002594.SZ,-0.006822367675489466
2023-04-21,600036.SH,-0.001347957077986633
2023-04-24,600000.SH,0.01630610958279609
2023-04-24,600519.SH,0.0011401480227516585
2023-04-24,000001.SZ,-0.011053825248152516
2023-04-24,300750.SZ,-0.04398609501939107
2023-04-24,601318.SH,-0.025994244549782636
2023-04-24,000858.SZ,-0.0026735062416258126
2023-04-24,002594.SZ,-0.018873700772658077
2023-04-24,600036.SH,-0.020921295810005555
2023-04-25,600000.SH,0.0066883055433303645
2023-04-25,600519.SH,-0.01991660705514779
2023-04-25,000001.SZ,-0.00565344009404752
2023-04-25,300750.SZ,0.006579645480362456
2023-04-25,601318.SH,-0.04325749849596363
2023-04-25,000858.SZ,0.030518228716979293
2023-04-25,002594.SZ,0.0008879214724728313
2023-04-25,600036.SH,0.007481567077212408
2023-04-26,600000.SH,0.001167691304937729
2023-04-26,600519.SH,0.02592865324159463
2023-04-26,000001.SZ,-0.0048696472270470924
2023-04-26,300750.SZ,0.012203649714628631
2023-04-26,601318.SH,0.017233910066362105
2023-04-26,000858.SZ,-0.0032311273693978993
2023-04-26,002594.SZ,-0.00040169665860955074
2023-04-26,600036.SH,0.010642499746685937
2023-04-27,600000.SH,0.020573956474442438
2023-04-27,600519.SH,0.026819662334974247
2023-04-27,000001.SZ,0.003517621632191478
2023-04-27,300750.SZ,0.007032800810753201
2023-04-27,601318.SH,-0.03922644976517
2023-04-27,000858.SZ,0.0021166188347961907
2023-04-27,002594.SZ,0.007558354399402111
2023-04-27,600036.SH,0.01473691773296269
2023-04-28,600000.SH,-0.009520491726349854
2023-04-28,600519.SH,0.002319253735837119
2023-04-28,000001.SZ,-0.01659979317551485
2023-04-28,300750.SZ,0.009693406493499354
2023-04-28,601318.SH,0.006101773505954844
2023-04-28,000858.SZ,-0.01615371590105748
2023-04-28,002594.SZ,-0.003814728806853049
2023-04-28,600036.SH,-0.003911727637962045
2023-05-01,600000.SH,-0.001363552583866961
2023-05-01,600519.SH,0.01575409119040318
2023-05-01,000001.SZ,-0.03249572433500798
2023-05-01,300750.SZ,-0.009479411239334294
2023-05-01,601318.SH,-0.010646521211106562
2023-05-01,000858.SZ,0.014718521753450545
2023-05-01,002594.SZ,-0.010570675908618418
2023-05-01,600036.SH,0.0006896822022376029
2023-05-02,600000.SH,-0.016375298080164934
2023-05-02,600519.SH,-0.0011527921503286269
2023-05-02,000001.SZ,-0.008877602123131998
2023-05-02,300750.SZ,-0.019837000999880533
2023-05-02,601318.SH,-0.011752459453138414
2023-05-02,000858.SZ,-0.01566495311209784
2023-05-02,002594.SZ,0.01890918271647558
2023-05-02,600036.SH,-0.006417479261537491
2023-05-03,600000.SH,-0.0038833805085805202
2023-05-03,600519.SH,0.003128578352396464
2023-05-03,000001.SZ,0.04285426394438364
2023-05-03,300750.SZ,-0.00899658990092432
2023-05-03,601318.SH,0.009747254555332052
2023-05-03,000858.SZ,-0.01532998405942258
2023-05-03,002594.SZ,0.003972169216324045
2023-05-03,600036.SH,0.008495814610249399
2023-05-04,600000.SH,-0.01519198756491556
2023-05-04,600519.SH,0.03890757782107862
2023-05-04,000001.SZ,0.007702167871702349
2023-05-04,300750.SZ,-0.01528260362714545
2023-05-04,601318.SH,0.00726155187565169
2023-05-04,000858.SZ,0.005380693794786538
2023-05-04,002594.SZ,0.014584343836171548
2023-05-04,600036.SH,0.0038379411786788305
2023-05-05,600000.SH,-0.016237971382473165
2023-05-05,600519.SH,-0.02848013173925783
2023-05-05,000001.SZ,0.009328873069820116
2023-05-05,300750.SZ,0.026607679299424935
2023-05-05,601318.SH,0.022564014836841874
2023-05-05,000858.SZ,0.03182166681488408
2023-05-05,002594.SZ,-0.014958682138942563
2023-05-05,600036.SH,0.04564085412181832
2023-05-08,600000.SH,-0.05605380126388441
2023-05-08,600519.SH,0.010833812968417773
2023-05-08,000001.SZ,0.009606894861873374
2023-05-08,300750.SZ,-0.0006134602769943831
2023-05-08,601318.SH,0.0055728759466106784
2023-05-08,000858.SZ,0.005354688706706279
2023-05-08,002594.SZ,0.007193469906286842
2023-05-08,600036.SH,-0.005896664698952436
2023-05-09,600000.SH,0.0051578635617554386
2023-05-09,600519.SH,-0.02075067535867375
2023-05-09,000001.SZ,-0.008576701108254767
2023-05-09,300750.SZ,-0.0046296639040168805
2023-05-09,601318.SH,0.02572086242931924
2023-05-09,000858.SZ,-0.03204753766692309
2023-05-09,002594.SZ,-0.017091844643902995
2023-05-09,600036.SH,-0.010959981902803178
2023-05-10,600000.SH,0.0005945727708254513
2023-05-10,600519.SH,-0.011862324495444485
2023-05-10,000001.SZ,-0.02329820972326216
2023-05-10,300750.SZ,-0.006936361145990034
2023-05-10,601318.SH,0.019051194766586843
2023-05-10,000858.SZ,-0.016864542173690794
2023-05-10,002594.SZ,-0.0026764900657888537
2023-05-10,600036.SH,0.05165762005064978
2023-05-11,600000.SH,-0.021709476649085128
2023-05-11,600519.SH,0.008569649346019576
2023-05-11,000001.SZ,0.002994821106384108
2023-05-11,300750.SZ,0.0006541450552165458
2023-05-11,601318.SH,-0.020438108790062696
2023-05-11,000858.SZ,-0.003738743273451829
2023-05-11,002594.SZ,-0.023408417636530256
2023-05-11,600036.SH,-0.015257857696491146
2023-05-12,600000.SH,0.01223979335658226
2023-05-12,600519.SH,0.011553085861261138
2023-05-12,000001.SZ,-0.014544964001446366
2023-05-12,300750.SZ,0.01609518224446711
2023-05-12,601318.SH,-0.006337915190563706
2023-05-12,000858.SZ,-0.004218166840138628
2023-05-12,002594.SZ,0.04527883454438065
2023-05-12,600036.SH,-0.026256927911835506
2023-05-15,600000.SH,0.023059854177439224
2023-05-15,600519.SH,-0.018826207780469523
2023-05-15,000001.SZ,0.015167880434360369
2023-05-15,300750.SZ,0.050269981044435225
2023-05-15,601318.SH,0.026616570324908006
2023-05-15,000858.SZ,0.0015581005671323877
2023-05-15,002594.SZ,0.013621822483566384
2023-05-15,600036.SH,0.006555498820400949
2023-05-16,600000.SH,-0.0038241221653261795
2023-05-16,600519.SH,0.010208450396197699
2023-05-16,000001.SZ,0.009220241698354488
2023-05-16,300750.SZ,0.005467859147352991
2023-05-16,601318.SH,-0.012282752553728779
2023-05-16,000858.SZ,-0.010522924283222249
2023-05-16,002594.SZ,-0.020115529231660073
2023-05-16,600036.SH,0.03160955326135399
2023-05-17,600000.SH,-0.00662169245434555
2023-05-17,600519.SH,0.01660010840295287
2023-05-17,000001.SZ,0.012049785341450106
2023-05-17,300750.SZ,-0.022462471619663794
2023-05-17,601318.SH,0.04534286827952874
2023-05-17,000858.SZ,0.03355982337366453
2023-05-17,002594.SZ,-0.033821425045233854
2023-05-17,600036.SH,-0.004645082341899611
2023-05-18,600000.SH,0.02231152219909816
2023-05-18,600519.SH,0.027626307667833704
2023-05-18,000001.SZ,0.011193650625151225
2023-05-18,300750.SZ,-0.007990914869468936
2023-05-18,601318.SH,2.207628246564138e-05
2023-05-18,000858.SZ,0.00914156834918691
2023-05-18,002594.SZ,0.014430300950207225
2023-05-18,600036.SH,0.017640669050684482
2023-05-19,600000.SH,-0.011690597494366373
2023-05-19,600519.SH,-0.006223961715461594
2023-05-19,000001.SZ,0.010308214107906213
2023-05-19,300750.SZ,-0.0050920075257002975
2023-05-19,601318.SH,-0.03385737558010306
2023-05-19,000858.SZ,0.02337435441270857
2023-05-19,002594.SZ,9.94465779979616e-05
2023-05-19,600036.SH,0.02256957865721958
2023-05-22,600000.SH,0.0011469377575345646
2023-05-22,600519.SH,-0.03729436261302866
2023-05-22,000001.SZ,-0.005186604278491853
2023-05-22,300750.SZ,0.011262659801821227
2023-05-22,601318.SH,-0.007590446441690943
2023-05-22,000858.SZ,-0.013532948305468046
2023-05-22,002594.SZ,0.020685602656836756
2023-05-22,600036.SH,0.011480489727895438
2023-05-23,600000.SH,-0.0036822602543940598
2023-05-23,600519.SH,-0.006768860198737237
2023-05-23,000001.SZ,-0.03736191080694224
2023-05-23,300750.SZ,0.008352628486978772
2023-05-23,601318.SH,-2.1304753034462844e-05
2023-05-23,000858.SZ,0.005660270248683514
2023-05-23,002594.SZ,0.0035797075794100886
2023-05-23,600036.SH,0.004919039643072572
2023-05-24,600000.SH,-0.010746158039591718
2023-05-24,600519.SH,-0.010587629461052423
2023-05-24,000001.SZ,-0.02309956538475161
2023-05-24,300750.SZ,0.03393464769645632
2023-05-24,601318.SH,0.006402244354540307
2023-05-24,000858.SZ,-0.0016833564620684853
2023-05-24,002594.SZ,-0.03662278413722605
2023-05-24,600036.SH,0.0137050942635591
2023-05-25,600000.SH,-0.014348347440708682
2023-05-25,600519.SH,-0.013635892271884354
2023-05-25,000001.SZ,-0.03594644998854222
2023-05-25,300750.SZ,0.045127574616029086
2023-05-25,601318.SH,-0.036136548876064864
2023-05-25,000858.SZ,0.012369709709577658
2023-05-25,002594.SZ,0.0005434927387773054
2023-05-25,600036.SH,0.01597388379116265
2023-05-26,600000.SH,-0.03094307373957639
2023-05-26,600519.SH,-0.0027457554770224236
2023-05-26,000001.SZ,-0.009018540594588063
2023-05-26,300750.SZ,0.010292199053314664
2023-05-26,601318.SH,-0.007742089251727074
2023-05-26,000858.SZ,0.004031758244360785
2023-05-26,002594.SZ,-0.016223158520565512
2023-05-26,600036.SH,-0.021192664091576642
2023-05-29,600000.SH,-0.011863061135725318
2023-05-29,600519.SH,0.00856713469644208
2023-05-29,000001.SZ,0.006081272950255671
2023-05-29,300750.SZ,-0.0043041186142602685
2023-05-29,601318.SH,-0.010269555508326223
2023-05-29,000858.SZ,0.01438469113086364
2023-05-29,002594.SZ,0.01800347388782408
2023-05-29,600036.SH,0.00674080947877995
2023-05-30,600000.SH,0.006574939529871386
2023-05-30,600519.SH,0.0019282527076880896
2023-05-30,000001.SZ,-0.013450187684757402
2023-05-30,300750.SZ,-0.0012985540661211437
2023-05-30,601318.SH,0.0173732301187673
2023-05-30,000858.SZ,-0.02829376086495077
2023-05-30,002594.SZ,-0.040732737531801996
2023-05-30,600036.SH,-0.00858813399297005
2023-05-31,600000.SH,0.030286358722619797
2023-05-31,600519.SH,-0.003897878806395322
2023-05-31,000001.SZ,-0.001963721052408406
2023-05-31,300750.SZ,0.0036970428458253106
2023-05-31,601318.SH,0.02572788321873049
2023-05-31,000858.SZ,0.04965313246325506
2023-05-31,002594.SZ,-0.013384599066609364
2023-05-31,600036.SH,-0.02070543372292116
2023-06-01,600000.SH,-0.00325614346860673
2023-06-01,600519.SH,-0.02048330332346785
2023-06-01,000001.SZ,-0.009131522896648196
2023-06-01,300750.SZ,0.021580990404987666
2023-06-01,601318.SH,-0.009410394709617124
2023-06-01,000858.SZ,-0.020602996666995166
2023-06-01,002594.SZ,-0.01963325425072449
2023-06-01,600036.SH,0.01123903486586644
2023-06-02,600000.SH,-0.028658638157037297
2023-06-02,600519.SH,0.007320022796205154
2023-06-02,000001.SZ,0.01692809189337062
2023-06-02,300750.SZ,0.002846645243295307
2023-06-02,601318.SH,-0.009678809457532907
2023-06-02,000858.SZ,0.007305117183886871
2023-06-02,002594.SZ,-0.0022134768049693484
2023-06-02,600036.SH,-0.011998935906643358
2023-06-05,600000.SH,0.024426141769040025
2023-06-05,600519.SH,-0.026065043964167478
2023-06-05,000001.SZ,-0.011673975061396653
2023-06-05,300750.SZ,-0.0007062624017812771
2023-06-05,601318.SH,0.0472399449665955
2023-06-05,000858.SZ,0.00962272383329849
2023-06-05,002594.SZ,-0.026217167633707027
2023-06-05,600036.SH,0.02375585950342698
2023-06-06,600000.SH,0.007464026991136489
2023-06-06,600519.SH,-0.022514244577599703
2023-06-06,000001.SZ,-0.0006113473310137938
2023-06-06,300750.SZ,0.004461421105194498
2023-06-06,601318.SH,-0.020786184774330897
2023-06-06,000858.SZ,-0.011242804564388639
2023-06-06,002594.SZ,3.694042689589667e-05
2023-06-06,600036.SH,0.0008860781698604766
2023-06-07,600000.SH,0.010359772299416816
2023-06-07,600519.SH,-0.016441353930971292
2023-06-07,000001.SZ,-0.023726687327904818
2023-06-07,300750.SZ,-0.0019424759710815504
2023-06-07,601318.SH,0.010937118727780882
2023-06-07,000858.SZ,-0.005357496350695449
2023-06-07,002594.SZ,0.03585114302082327
2023-06-07,600036.SH,0.0018943282880122285
2023-06-08,600000.SH,-0.0065667147820462545
2023-06-08,600519.SH,-0.00878593725906831
2023-06-08,000001.SZ,-0.00847416912388852
2023-06-08,300750.SZ,0.018033473403644834
2023-06-08,601318.SH,-0.03575938006993096
2023-06-08,000858.SZ,0.004214310713878292
2023-06-08,002594.SZ,0.009681029592064253
2023-06-08,600036.SH,0.03266986842964646
2023-06-09,600000.SH,0.0537879603398465
2023-06-09,600519.SH,-0.005404025478884691
2023-06-09,000001.SZ,-0.017196256434705945
2023-06-09,300750.SZ,0.029697378950941204
2023-06-09,601318.SH,-0.005295619051809287
2023-06-09,000858.SZ,0.036615498045099976
2023-06-09,002594.SZ,-0.025688604658202583
2023-06-09,600036.SH,-0.0036636372470709813
2023-06-12,600000.SH,-0.00565936525048294
2023-06-12,600519.SH,-0.028473152363347402
2023-06-12,000001.SZ,0.01217413690749493
2023-06-12,300750.SZ,0.002730587691177126
2023-06-12,601318.SH,0.016631442522432403
2023-06-12,000858.SZ,0.012398483516842225
2023-06-12,002594.SZ,0.017197970590157877
2023-06-12,600036.SH,0.006232133325401151
2023-06-13,600000.SH,0.015892231262692506
2023-06-13,600519.SH,0.029595567939286773
2023-06-13,000001.SZ,0.01558938971311303
2023-06-13,300750.SZ,0.003915843598251891
2023-06-13,601318.SH,0.022550992050496595
2023-06-13,000858.SZ,-0.012316881582101362
2023-06-13,002594.SZ,-0.028122279521028953
2023-06-13,600036.SH,0.012267679019111815
2023-06-14,600000.SH,0.009946944344955704
2023-06-14,600519.SH,-0.027533757156868736
2023-06-14,000001.SZ,0.030855053003786412
2023-06-14,300750.SZ,0.011005182524452506
2023-06-14,601318.SH,-0.03769863528264316
2023-06-14,000858.SZ,-0.003064549550221153
2023-06-14,002594.SZ,-0.006662187769406147
2023-06-14,600036.SH,-0.0027710084241525236
2023-06-15,600000.SH,-0.026796130983780586
2023-06-15,600519.SH,0.002747657879382275
2023-06-15,000001.SZ,-0.015243899837269046
2023-06-15,300750.SZ,0.006560023814426035
2023-06-15,601318.SH,-0.0013149121221359805
2023-06-15,000858.SZ,0.07112474187536869
2023-06-15,002594.SZ,0.0012854648053651119
2023-06-15,600036.SH,-0.01782482292456424
2023-06-16,600000.SH,-0.03024712207665711
2023-06-16,600519.SH,-0.016149328141075513
2023-06-16,000001.SZ,-0.02890119238996899
2023-06-16,300750.SZ,-0.006273001923669157
2023-06-16,601318.SH,-0.04053814016815502
2023-06-16,000858.SZ,0.013628110285071191
2023-06-16,002594.SZ,0.011174330077843351
2023-06-16,600036.SH,0.03368532640363625
2023-06-19,600000.SH,-0.02990007642620064
2023-06-19,600519.SH,-0.028951152536525193
2023-06-19,000001.SZ,-0.029563736150037326
2023-06-19,300750.SZ,0.019214839334352248
2023-06-19,601318.SH,0.00803554698504531
2023-06-19,000858.SZ,0.006002867319104456
2023-06-19,002594.SZ,-0.043719951980752576
2023-06-19,600036.SH,-0.010716184359653129
2023-06-20,600000.SH,0.004649154782303361
2023-06-20,600519.SH,0.024667244223075396
2023-06-20,000001.SZ,-0.01648004512901096
2023-06-20,300750.SZ,-0.0032297589866916374
2023-06-20,601318.SH,0.01280827623358243
2023-06-20,000858.SZ,-0.025802441941207115
2023-06-20,002594.SZ,-0.024912981029998563
2023-06-20,600036.SH,-0.041588748606459086
2023-06-21,600000.SH,-0.014042489876860556
2023-06-21,600519.SH,-0.030296549430140478
2023-06-21,000001.SZ,0.047860814817939676
2023-06-21,300750.SZ,-0.024105351537055168
2023-06-21,601318.SH,0.010081970388237911
2023-06-21,000858.SZ,0.014049183690026463
2023-06-21,002594.SZ,0.025111829271836063
2023-06-21,600036.SH,0.005342067085696018
2023-06-22,600000.SH,-0.02424629827967049
2023-06-22,600519.SH,0.051968394078556336
2023-06-22,000001.SZ,0.00788325504755865
2023-06-22,300750.SZ,-0.006108210380281796
2023-06-22,601318.SH,-0.011826913839493108
2023-06-22,000858.SZ,-0.02389807401640228
2023-06-22,002594.SZ,0.030001655545256842
2023-06-22,600036.SH,-0.0054170090328238
2023-06-23,600000.SH,-0.0039061617683179236
2023-06-23,600519.SH,-0.013965246977404817
2023-06-23,000001.SZ,-0.0054323331098829935
2023-06-23,300750.SZ,-0.01874930531177561
2023-06-23,601318.SH,-0.0029409625660442853
2023-06-23,000858.SZ,-0.015261518418214088
2023-06-23,002594.SZ,-0.012610703243615967
2023-06-23,600036.SH,-0.006892351147494791
2023-06-26,600000.SH,-0.00822178594343209
2023-06-26,600519.SH,-0.006657387999978567
2023-06-26,000001.SZ,-0.04077952269692122
2023-06-26,300750.SZ,-0.016672498623866997
2023-06-26,601318.SH,0.02559043907165945
2023-06-26,000858.SZ,-0.028404868053389945
2023-06-26,002594.SZ,-0.012285247765206968
2023-06-26,600036.SH,0.016818971444824884
2023-06-27,600000.SH,-0.028240504250623705
2023-06-27,600519.SH,-0.03401311553799949
2023-06-27,000001.SZ,-0.0022978894944401473
2023-06-27,300750.SZ,-0.020614027711821005
2023-06-27,601318.SH,0.013164092162607582
2023-06-27,000858.SZ,0.005893451804735995
2023-06-27,002594.SZ,-0.000910634621378273
2023-06-27,600036.SH,0.012809652027735563
2023-06-28,600000.SH,-0.012731153211505102
2023-06-28,600519.SH,0.033613592000601135
2023-06-28,000001.SZ,0.03239575788243164
2023-06-28,300750.SZ,-0.02981205137916733
2023-06-28,601318.SH,-0.05283792334287817
2023-06-28,000858.SZ,0.0054489210865485424
2023-06-28,002594.SZ,-0.016493604859159232
2023-06-28,600036.SH,-0.018247087375540223
2023-06-29,600000.SH,0.0309307104297448
2023-06-29,600519.SH,-0.026144446912421477
2023-06-29,000001.SZ,-0.01745271789996975
2023-06-29,300750.SZ,-0.009566414695577686
2023-06-29,601318.SH,-0.038735399287034546
2023-06-29,000858.SZ,-0.003004071355654985
2023-06-29,002594.SZ,-0.014953544871891697
2023-06-29,600036.SH,-0.018860171269712792
2023-06-30,600000.SH,-0.017074706575499338
2023-06-30,600519.SH,-0.003884762315892528
2023-06-30,000001.SZ,0.03365957587454335
2023-06-30,300750.SZ,-0.012708280489861945
2023-06-30,601318.SH,-0.011797923924963205
2023-06-30,000858.SZ,-0.0018553401673351208
2023-06-30,002594.SZ,0.007144866083537082
2023-06-30,600036.SH,-0.006829435773490564
2023-07-03,600000.SH,-0.006958911478006027
2023-07-03,600519.SH,-0.011560348556955775
2023-07-03,000001.SZ,-0.013594789147469992
2023-07-03,300750.SZ,-0.002859220070795107
2023-07-03,601318.SH,-0.0009456243026295091
2023-07-03,000858.SZ,-0.034873573395497466
2023-07-03,002594.SZ,0.0036310446525214574
2023-07-03,600036.SH,0.004407965787630095
2023-07-04,600000.SH,0.008685015060954145
2023-07-04,600519.SH,-0.007834825591450673
2023-07-04,000001.SZ,0.04854609498026144
2023-07-04,300750.SZ,0.017062071472568434
2023-07-04,601318.SH,0.004192005734109973
2023-07-04,000858.SZ,-0.02932181887131725
2023-07-04,002594.SZ,-0.00768935328890563
2023-07-04,600036.SH,-0.003903429823630923
2023-07-05,600000.SH,-0.007257772318549709
2023-07-05,600519.SH,0.023128434614902077
2023-07-05,000001.SZ,-0.013201685188241585
2023-07-05,300750.SZ,0.030938508477916744
2023-07-05,601318.SH,-0.0012010666152401609
2023-07-05,000858.SZ,-0.0030188037333233443
2023-07-05,002594.SZ,0.012501866561504767
2023-07-05,600036.SH,0.029440915954338714
2023-07-06,600000.SH,0.017780659978269595
2023-07-06,600519.SH,-0.02174053920373115
2023-07-06,000001.SZ,-2.4553665485553315e-05
2023-07-06,300750.SZ,0.004543794841205782
2023-07-06,601318.SH,0.023880645518464767
2023-07-06,000858.SZ,-0.017808900154104166
2023-07-06,002594.SZ,0.03132009816757801
2023-07-06,600036.SH,0.030255555602248296
2023-07-07,600000.SH,0.02515389865523851
2023-07-07,600519.SH,0.00150423895951104
2023-07-07,000001.SZ,-0.00876891588549131
2023-07-07,300750.SZ,0.005375530771535831
2023-07-07,601318.SH,0.030696163941676395
2023-07-07,000858.SZ,-0.02070380433198223
2023-07-07,002594.SZ,0.01335864347945694
2023-07-07,600036.SH,0.02701519248858211
2023-07-10,600000.SH,-0.0066228878255274685
2023-07-10,600519.SH,-0.03308404927515378
2023-07-10,000001.SZ,0.05310446263936088
2023-07-10,300750.SZ,0.0007150787354262426
2023-07-10,601318.SH,-0.013855264862827028
2023-07-10,000858.SZ,-0.0034881616295169542
2023-07-10,002594.SZ,-0.024198346209124404
2023-07-10,600036.SH,-0.0067884229147663275
2023-07-11,600000.SH,0.029160951430591706
2023-07-11,600519.SH,-0.00701342424175256
2023-07-11,000001.SZ,0.011942110045724704
2023-07-11,300750.SZ,0.024267251334396774
2023-07-11,601318.SH,0.003403722695940344
2023-07-11,000858.SZ,0.027533740006233525
2023-07-11,002594.SZ,0.013887341013862978
2023-07-11,600036.SH,-0.0223576442203066
2023-07-12,600000.SH,0.007822533040218889
2023-07-12,600519.SH,-0.0015261385582877106
2023-07-12,000001.SZ,0.01949389173748998
2023-07-12,300750.SZ,-0.01875806157231746
2023-07-12,601318.SH,0.01064292516532182
2023-07-12,000858.SZ,0.028154077864880934
2023-07-12,002594.SZ,0.0007458836675885309
2023-07-12,600036.SH,-0.009433531697602544
2023-07-13,600000.SH,0.024875605525177345
2023-07-13,600519.SH,0.012752104472273882
2023-07-13,000001.SZ,0.053743710246500626
2023-07-13,300750.SZ,-0.0016659512507169458
2023-07-13,601318.SH,-0.017150666459725766
2023-07-13,000858.SZ,-0.001600387246654861
2023-07-13,002594.SZ,-0.022204355024626518
2023-07-13,600036.SH,-0.008982601108483977
2023-07-14,600000.SH,0.011435180130125296
2023-07-14,600519.SH,-0.0028601452676442984
2023-07-14,000001.SZ,-0.004209255244410129
2023-07-14,300750.SZ,0.0044388585525669015
2023-07-14,601318.SH,0.002411736071257328
2023-07-14,000858.SZ,-0.022417819085936187
2023-07-14,002594.SZ,0.01581805763079856
2023-07-14,600036.SH,-0.002510879262713249
2023-07-17,600000.SH,-0.01961439088013276
2023-07-17,600519.SH,0.017655916993596213
2023-07-17,000001.SZ,-0.009891108398940451
2023-07-17,300750.SZ,0.011901312104583742
2023-07-17,601318.SH,0.01183400380250988
2023-07-17,000858.SZ,0.011020230823500385
2023-07-17,002594.SZ,0.03197938068173305
2023-07-17,600036.SH,-0.024206883929325986
2023-07-18,600000.SH,0.03122761027206225
2023-07-18,600519.SH,-0.008141660338104595
2023-07-18,000001.SZ,0.029574712584362763
2023-07-18,300750.SZ,-0.00484443596576262
2023-07-18,601318.SH,0.011219034851138936
2023-07-18,000858.SZ,0.023387946662829392
2023-07-18,002594.SZ,-0.008883586149771626
2023-07-18,600036.SH,-0.011360998342623978
2023-07-19,600000.SH,-0.0009397108360309386
2023-07-19,600519.SH,-0.018683209506435778
2023-07-19,000001.SZ,-0.0019346621070951758
2023-07-19,300750.SZ,-0.012053124317211164
2023-07-19,601318.SH,0.0056986558203219375
2023-07-19,000858.SZ,0.011899128657262479
2023-07-19,002594.SZ,-0.0036333508816890664
2023-07-19,600036.SH,-0.025139577844977938
2023-07-20,600000.SH,0.051069046579905644
2023-07-20,600519.SH,0.016987130617735262
2023-07-20,000001.SZ,0.03329342222207339
2023-07-20,300750.SZ,0.027414734662678703
2023-07-20,601318.SH,0.016151738933793593
2023-07-20,000858.SZ,0.004032855729163672
2023-07-20,002594.SZ,-0.00021719356921116447
2023-07-20,600036.SH,0.022345758163960363
2023-07-21,600000.SH,-0.007753867504234643
2023-07-21,600519.SH,-0.016390287267705323
2023-07-21,000001.SZ,-0.0320229884310325
2023-07-21,300750.SZ,0.01682617085664015
2023-07-21,601318.SH,-0.014797151200551655
2023-07-21,000858.SZ,0.0051866125049311994
2023-07-21,002594.SZ,0.004194185298514072
2023-07-21,600036.SH,0.000512388442502387
2023-07-24,600000.SH,-0.01462062091863509
2023-07-24,600519.SH,0.02348101911383473
2023-07-24,000001.SZ,-0.0037868515655815594
2023-07-24,300750.SZ,-0.04545027618584414
2023-07-24,601318.SH,-0.01454875869809049
2023-07-24,000858.SZ,0.008213768929372887
2023-07-24,002594.SZ,-0.023683510151673227
2023-07-24,600036.SH,0.007998006102567849
2023-07-25,600000.SH,-0.014354867193236191
2023-07-25,600519.SH,-0.002305005548632005
2023-07-25,000001.SZ,0.004416821756149953
2023-07-25,300750.SZ,-0.024703490066391366
2023-07-25,601318.SH,-0.005632996110262785
2023-07-25,000858.SZ,0.0005146812187167956
2023-07-25,002594.SZ,0.021789255059422523
2023-07-25,600036.SH,-0.0024404911505614348
2023-07-26,600000.SH,0.007193606173602361
2023-07-26,600519.SH,-0.009730564649775841
2023-07-26,000001.SZ,-0.02533013894280984
2023-07-26,300750.SZ,0.008744228335365796
2023-07-26,601318.SH,0.008395059786130189
2023-07-26,000858.SZ,0.009679457216017233
2023-07-26,002594.SZ,-0.02283021151766297
2023-07-26,600036.SH,-0.025133761547552435
2023-07-27,600000.SH,-0.015596986722272315
2023-07-27,600519.SH,0.0473222547724698
2023-07-27,000001.SZ,-0.011176253273102532
2023-07-27,300750.SZ,0.011143954827798246
2023-07-27,601318.SH,-0.007536594437222194
2023-07-27,000858.SZ,0.004439895413731496
2023-07-27,002594.SZ,0.03993833339469964
2023-07-27,600036.SH,-0.017286502393686322
2023-07-28,600000.SH,0.002812447273779379
2023-07-28,600519.SH,-0.008154228332165498
2023-07-28,000001.SZ,0.023499599827567403
2023-07-28,300750.SZ,-0.014314597661616062
2023-07-28,601318.SH,0.006525575720336225
2023-07-28,000858.SZ,-0.025241319563002577
2023-07-28,002594.SZ,-0.01022135042193562
2023-07-28,600036.SH,0.026305809715623806
2023-07-31,600000.SH,-0.04055055892947697
2023-07-31,600519.SH,-0.014552498286079907
2023-07-31,000001.SZ,0.020066690171881514
2023-07-31,300750.SZ,-0.002154145695623707
2023-07-31,601318.SH,-0.005230315056145587
2023-07-31,000858.SZ,0.01563763490279778
2023-07-31,002594.SZ,-0.003938183845170183
2023-07-31,600036.SH,-0.019881412969838988
2023-08-01,600000.SH,-0.03656196583295844
2023-08-01,600519.SH,0.023785930726609773
2023-08-01,000001.SZ,-0.027757870711357848
2023-08-01,300750.SZ,0.018239688545908336
2023-08-01,601318.SH,-0.021838620086452633
2023-08-01,000858.SZ,-0.011497950842545105
2023-08-01,002594.SZ,0.01598000209387176
2023-08-01,600036.SH,-0.010313899166513854
2023-08-02,600000.SH,0.020610605523199814
2023-08-02,600519.SH,0.014137547685034316
2023-08-02,000001.SZ,-0.010475172968828004
2023-08-02,300750.SZ,-0.006571774870045747
2023-08-02,601318.SH,0.009538464393823293
2023-08-02,000858.SZ,0.017351935578617556
2023-08-02,002594.SZ,0.02194624611665509
2023-08-02,600036.SH,-0.03472367866681812
2023-08-03,600000.SH,0.008187662991605229
2023-08-03,600519.SH,-0.026237367009541043
2023-08-03,000001.SZ,-0.0081044837869605
2023-08-03,300750.SZ,-0.01643151759385399
2023-08-03,601318.SH,0.01315276415678857
2023-08-03,000858.SZ,0.026935426066627965
2023-08-03,002594.SZ,0.006110963774239535
2023-08-03,600036.SH,0.03798173382810579
2023-08-04,600000.SH,0.02107036696032631
2023-08-04,600519.SH,-0.030956505935586597
2023-08-04,000001.SZ,-0.007177824474163152
2023-08-04,300750.SZ,-0.0018821187748888977
2023-08-04,601318.SH,0.026053876671361238
2023-08-04,000858.SZ,-0.030288268592737543
2023-08-04,002594.SZ,0.033166519247932055
2023-08-04,600036.SH,-0.006318188153653255
2023-08-07,600000.SH,0.015923037689556625
2023-08-07,600519.SH,0.01796482971585103
2023-08-07,000001.SZ,-0.022510966605130366
2023-08-07,300750.SZ,-0.01704995277025056
2023-08-07,601318.SH,-0.012142063401432644
2023-08-07,000858.SZ,0.007727757863208566
2023-08-07,002594.SZ,-0.013364032358588341
2023-08-07,600036.SH,-0.004909226629577803
2023-08-08,600000.SH,-0.006109742728062948
2023-08-08,600519.SH,0.0064228928980080615
2023-08-08,000001.SZ,0.0037282359824873297
2023-08-08,300750.SZ,0.01867854377280249
2023-08-08,601318.SH,-0.006434656586676209
2023-08-08,000858.SZ,0.00970520898277964
2023-08-08,002594.SZ,-0.019487026400429527
2023-08-08,600036.SH,0.004854094657845526
2023-08-09,600000.SH,0.0015873739051209656
2023-08-09,600519.SH,-0.02644810317371657
2023-08-09,000001.SZ,0.005661428562689949
2023-08-09,300750.SZ,-0.032918446288556044
2023-08-09,601318.SH,0.002226890996082907
2023-08-09,000858.SZ,-0.03410183564324333
2023-08-09,002594.SZ,-0.014600125452794717
2023-08-09,600036.SH,-0.023315697830530623
2023-08-10,600000.SH,0.0002942747542940511
2023-08-10,600519.SH,0.0108118994880445
2023-08-10,000001.SZ,0.004509047997673413
2023-08-10,300750.SZ,-0.024790432416127887
2023-08-10,601318.SH,0.011615363033931706
2023-08-10,000858.SZ,0.05445003988912005
2023-08-10,002594.SZ,-0.013899789261161267
2023-08-10,600036.SH,-0.029478973646222845
2023-08-11,600000.SH,-0.016356062260920692
2023-08-11,600519.SH,-0.00702338191376654
2023-08-11,000001.SZ,-0.03618261394892589
2023-08-11,300750.SZ,0.0033667554009789466
2023-08-11,601318.SH,0.009130856398109595
2023-08-11,000858.SZ,0.015345937549056738
2023-08-11,002594.SZ,-0.007692145167499926
2023-08-11,600036.SH,-0.018933729237010994
2023-08-14,600000.SH,-0.03199889722064992
2023-08-14,600519.SH,0.017856080536214677
2023-08-14,000001.SZ,-0.007798068833227089
2023-08-14,300750.SZ,0.0010489299767721348
2023-08-14,601318.SH,0.003582917673947046
2023-08-14,000858.SZ,0.004833914838320238
2023-08-14,002594.SZ,-0.010791694406771465
2023-08-14,600036.SH,-0.033001267784613326
2023-08-15,600000.SH,0.014142783562876864
2023-08-15,600519.SH,0.007108113770148769
2023-08-15,000001.SZ,0.01607156180010621
2023-08-15,300750.SZ,0.026228035014142434
2023-08-15,601318.SH,0.002532108323288641
2023-08-15,000858.SZ,-0.011842128963016663
2023-08-15,002594.SZ,-0.015203847361178678
2023-08-15,600036.SH,-0.007942562379682137
2023-08-16,600000.SH,0.04193529204705216
2023-08-16,600519.SH,-0.004896697751814913
2023-08-16,000001.SZ,0.025888589091380646
2023-08-16,300750.SZ,0.011925375511754058
2023-08-16,601318.SH,-0.001633391081660424
2023-08-16,000858.SZ,-0.04216586869319513
2023-08-16,002594.SZ,0.04223978445110878
2023-08-16,600036.SH,-0.01898411653077272
2023-08-17,600000.SH,0.027688356566195536
2023-08-17,600519.SH,-0.0060141613333659985
2023-08-17,000001.SZ,-0.02734251159907925
2023-08-17,300750.SZ,0.02385336627242896
2023-08-17,601318.SH,0.03194553080264921
2023-08-17,000858.SZ,0.03871672935465406
2023-08-17,002594.SZ,-0.00169657942001417
2023-08-17,600036.SH,-0.02423199860416309
2023-08-18,600000.SH,-0.027918839452302953
2023-08-18,600519.SH,0.045569327152509026
2023-08-18,000001.SZ,-0.02592585801503384
2023-08-18,300750.SZ,-0.01902794764747052
2023-08-18,601318.SH,-0.015976916839549708
2023-08-18,000858.SZ,-0.020469124031115147
2023-08-18,002594.SZ,-0.038486791144635046
2023-08-18,600036.SH,0.005427966561529348
2023-08-21,600000.SH,0.0004469969357774098
2023-08-21,600519.SH,0.007814188236923057
2023-08-21,000001.SZ,0.01908841691471929
2023-08-21,300750.SZ,0.02149008242754794
2023-08-21,601318.SH,0.01995024371681949
2023-08-21,000858.SZ,-0.018037153471415237
2023-08-21,002594.SZ,0.012481371846899902
2023-08-21,600036.SH,-0.007842486051596929
2023-08-22,600000.SH,0.03174581922891334
2023-08-22,600519.SH,0.0034287409847401445
2023-08-22,000001.SZ,0.015737074491380006
2023-08-22,300750.SZ,0.0014976743429220988
2023-08-22,601318.SH,0.004143365552361939
2023-08-22,000858.SZ,0.025774423029538106
2023-08-22,002594.SZ,0.018391703728775348
2023-08-22,600036.SH,-0.02387701074623724
2023-08-23,600000.SH,0.03344727697371878
2023-08-23,600519.SH,0.018157006363747265
2023-08-23,000001.SZ,0.01757554875204056
2023-08-23,300750.SZ,0.00395124542497402
2023-08-23,601318.SH,0.04558990511404947
2023-08-23,000858.SZ,-0.036537131018645294
2023-08-23,002594.SZ,0.011935200183140312
2023-08-23,600036.SH,0.011879200163705084
2023-08-24,600000.SH,-0.03339887440966339
2023-08-24,600519.SH,-0.012060724436334722
2023-08-24,000001.SZ,0.0013517401312685155
2023-08-24,300750.SZ,0.03094174603091559
2023-08-24,601318.SH,0.01718213171846175
2023-08-24,000858.SZ,-0.027085064618829566
2023-08-24,002594.SZ,-0.02145449977737294
2023-08-24,600036.SH,0.003842101889476139
2023-08-25,600000.SH,0.00542877460813777
2023-08-25,600519.SH,0.0010603547067818948
2023-08-25,000001.SZ,0.024292965028666878
2023-08-25,300750.SZ,0.032475548133448356
2023-08-25,601318.SH,-0.021832103605945195
2023-08-25,000858.SZ,-0.025422509645617354
2023-08-25,002594.SZ,-0.015110932260930788
2023-08-25,600036.SH,0.009484875102047147
2023-08-28,600000.SH,-0.01787146788130534
2023-08-28,600519.SH,-0.024592634312384717
2023-08-28,000001.SZ,-0.019573145235894478
2023-08-28,300750.SZ,0.013147059564285237
2023-08-28,601318.SH,-0.010002934098480007
2023-08-28,000858.SZ,-0.02294325301735719
2023-08-28,002594.SZ,-0.022163015620059213
2023-08-28,600036.SH,0.009753196603740749
2023-08-29,600000.SH,0.001966963145489529
2023-08-29,600519.SH,0.0010199531155077777
2023-08-29,000001.SZ,0.04150064831229064
2023-08-29,300750.SZ,0.007366109283987907
2023-08-29,601318.SH,-0.029161007328612893
2023-08-29,000858.SZ,-0.04141314651905753
2023-08-29,002594.SZ,0.002439600526600067
2023-08-29,600036.SH,-0.023717408059818333
2023-08-30,600000.SH,0.01946279752030359
2023-08-30,600519.SH,0.01166327042327147
2023-08-30,000001.SZ,-0.007693614636187058
2023-08-30,300750.SZ,-0.020510578443033528
2023-08-30,601318.SH,-0.03420269528791178
2023-08-30,000858.SZ,-0.019870489868272636
2023-08-30,002594.SZ,-0.009719430823901304
2023-08-30,600036.SH,0.004109258082208762
2023-08-31,600000.SH,0.0010120521470126601
2023-08-31,600519.SH,0.009212135992684192
2023-08-31,000001.SZ,0.0011712118474661384
2023-08-31,300750.SZ,-0.029856031757164968
2023-08-31,601318.SH,0.001123801534641973
2023-08-31,000858.SZ,-0.012398380535014311
2023-08-31,002594.SZ,0.0031617000216444375
2023-08-31,600036.SH,-0.03574992647425469
2023-09-01,600000.SH,-0.019218524099978495
2023-09-01,600519.SH,-0.033096166663505004
2023-09-01,000001.SZ,-0.022925003969781685
2023-09-01,300750.SZ,-0.03871403215260307
2023-09-01,601318.SH,-0.02943178545130108
2023-09-01,000858.SZ,0.016256765050090258
2023-09-01,002594.SZ,-0.015683634444637426
2023-09-01,600036.SH,-0.028170777820093557
2023-09-04,600000.SH,0.016209829729826354
2023-09-04,600519.SH,0.039296941691411236
2023-09-04,000001.SZ,-0.016537667225900745
2023-09-04,300750.SZ,0.03944667619291317
2023-09-04,601318.SH,-0.03940808834710546
2023-09-04,000858.SZ,0.0029684566877701607
2023-09-04,002594.SZ,0.04412282009423835
2023-09-04,600036.SH,-0.014140629537368167
2023-09-05,600000.SH,-0.0061548414039581
2023-09-05,600519.SH,-0.008709544386268395
2023-09-05,000001.SZ,0.02255556075697188
2023-09-05,300750.SZ,-0.014917754511641344
2023-09-05,601318.SH,0.028496874634933667
2023-09-05,000858.SZ,-0.0191902470025878
2023-09-05,002594.SZ,-0.05172927613599283
2023-09-05,600036.SH,-0.026104836877097744
2023-09-06,600000.SH,-0.029927590919431788
2023-09-06,600519.SH,-0.011640355036514375
2023-09-06,000001.SZ,0.0050234452344325295
2023-09-06,300750.SZ,0.00895787266771826
2023-09-06,601318.SH,0.043958766310457656
2023-09-06,000858.SZ,0.044069849037097555
2023-09-06,002594.SZ,0.001518454793409989
2023-09-06,600036.SH,0.021279894977732257
2023-09-07,600000.SH,0.025731201251889834
2023-09-07,600519.SH,-0.002205204413828664
2023-09-07,000001.SZ,-0.009779315947980897
2023-09-07,300750.SZ,0.006565865405480896
2023-09-07,601318.SH,0.024647988421521085
2023-09-07,000858.SZ,-0.012569917793895156
2023-09-07,002594.SZ,-0.011825697497061898
2023-09-07,600036.SH,-0.022592773096114162
2023-09-08,600000.SH,0.003654955134061703
2023-09-08,600519.SH,0.01259238204617635
2023-09-08,000001.SZ,-0.012970786360513596
2023-09-08,300750.SZ,0.01963893765477016
2023-09-08,601318.SH,-0.0076616244510528024
2023-09-08,000858.SZ,0.021105683938857075
2023-09-08,002594.SZ,-0.004637181545466086
2023-09-08,600036.SH,-0.017116526928154404
2023-09-11,600000.SH,0.014850341761613092
2023-09-11,600519.SH,0.004004681634999609
2023-09-11,000001.SZ,-0.009756488331043934
2023-09-11,300750.SZ,-0.01522347120694374
2023-09-11,601318.SH,0.02772716049786105
2023-09-11,000858.SZ,-0.009302377124167496
2023-09-11,002594.SZ,0.0506263793542743
2023-09-11,600036.SH,0.013992571019627243
2023-09-12,600000.SH,-0.008720459002445806
2023-09-12,600519.SH,-0.00875197595706798
2023-09-12,000001.SZ,-0.0069171284214060704
2023-09-12,300750.SZ,-0.0007458984970554751
2023-09-12,601318.SH,0.019294908665692893
2023-09-12,000858.SZ,0.0010330894893827585
2023-09-12,002594.SZ,0.028302640972806655
2023-09-12,600036.SH,0.015084281318411835
2023-09-13,600000.SH,0.045486055429289775
2023-09-13,600519.SH,-0.004036645746901892
2023-09-13,000001.SZ,-0.007666593640230047
2023-09-13,300750.SZ,-0.007906341738877842
2023-09-13,601318.SH,0.007188454002009414
2023-09-13,000858.SZ,0.0005554574777188858
2023-09-13,002594.SZ,0.0004725802061433323
2023-09-13,600036.SH,-0.017973272322810863
2023-09-14,600000.SH,-0.0034647529499190312
2023-09-14,600519.SH,-0.042147520545647126
2023-09-14,000001.SZ,0.020325429006222133
2023-09-14,300750.SZ,0.01101922448306
2023-09-14,601318.SH,0.0007504919810036503
2023-09-14,000858.SZ,-0.017048604935146757
2023-09-14,002594.SZ,0.002407014871962966
2023-09-14,600036.SH,0.0001326751419230439
2023-09-15,600000.SH,0.02466123881819145
2023-09-15,600519.SH,-0.019339356762845566
2023-09-15,000001.SZ,0.010276147924872223
2023-09-15,300750.SZ,-0.013117480849061542
2023-09-15,601318.SH,-0.009741121077688396
2023-09-15,000858.SZ,0.014566328784257884
2023-09-15,002594.SZ,-0.008744464318876996
2023-09-15,600036.SH,-0.02199020560752413
2023-09-18,600000.SH,-0.01917619128882919
2023-09-18,600519.SH,-0.018348593088328004
2023-09-18,000001.SZ,0.0012086172437001995
2023-09-18,300750.SZ,-0.015731037826434684
2023-09-18,601318.SH,-0.005449247999026657
2023-09-18,000858.SZ,-0.03407865141491401
2023-09-18,002594.SZ,0.00022340634781623143
2023-09-18,600036.SH,0.02009014888164326
2023-09-19,600000.SH,0.0006311203351046154
2023-09-19,600519.SH,0.007087789342498394
2023-09-19,000001.SZ,0.008230464528328913
2023-09-19,300750.SZ,-0.001268560545717062
2023-09-19,601318.SH,0.00402684633473798
2023-09-19,000858.SZ,-0.019185546927921165
2023-09-19,002594.SZ,-0.011926052036747598
2023-09-19,600036.SH,0.009021611344829575
2023-09-20,600000.SH,-0.04555148107727422
2023-09-20,600519.SH,0.021585509870227452
2023-09-20,000001.SZ,0.005823720132032226
2023-09-20,300750.SZ,0.004096596835028069
2023-09-20,601318.SH,0.01985259910622386
2023-09-20,000858.SZ,-0.026480887009198942
2023-09-20,002594.SZ,-0.015863949288121234
2023-09-20,600036.SH,0.015347356631164565
2023-09-21,600000.SH,0.01201622569836974
2023-09-21,600519.SH,0.016098869541135593
2023-09-21,000001.SZ,-0.0010297118923455828
2023-09-21,300750.SZ,0.01101744743324037
2023-09-21,601318.SH,-0.03006385106966145
2023-09-21,000858.SZ,0.01024768766971655
2023-09-21,002594.SZ,0.022879105760295393
2023-09-21,600036.SH,0.005391623601266653
2023-09-22,600000.SH,-0.03492040971562658
2023-09-22,600519.SH,0.027351470046411343
2023-09-22,000001.SZ,-0.03305177484374356
2023-09-22,300750.SZ,-0.004336544414755945
2023-09-22,601318.SH,0.03854468015884177
2023-09-22,000858.SZ,0.010687645554571744
2023-09-22,002594.SZ,0.04199157422446653
2023-09-22,600036.SH,0.025693976387655828
2023-09-25,600000.SH,0.018601608015119068
2023-09-25,600519.SH,0.010967665613903652
2023-09-25,000001.SZ,-0.0016577978068615421
2023-09-25,300750.SZ,-0.014839689222321513
2023-09-25,601318.SH,-0.021032412422050572
2023-09-25,000858.SZ,0.011806667995511434
2023-09-25,002594.SZ,0.020227207536975378
2023-09-25,600036.SH,-0.02483797945897178
2023-09-26,600000.SH,-0.0045575179250568676
2023-09-26,600519.SH,-0.002874049130999908
2023-09-26,000001.SZ,0.0011872609265906415
2023-09-26,300750.SZ,-0.002162524655514016
2023-09-26,601318.SH,0.008208750890490692
2023-09-26,000858.SZ,-0.013224888232624408
2023-09-26,002594.SZ,-0.0008286950665784584
2023-09-26,600036.SH,-0.05182326632314976
2023-09-27,600000.SH,-0.006199152535522412
2023-09-27,600519.SH,0.001572076900266226
2023-09-27,000001.SZ,0.013958509914954384
2023-09-27,300750.SZ,-0.013475910917769608
2023-09-27,601318.SH,0.011541079591333148
2023-09-27,000858.SZ,-0.02478010681247676
2023-09-27,002594.SZ,0.039688925176785864
2023-09-27,600036.SH,0.009765771248256613
2023-09-28,600000.SH,-0.00913707336981978
2023-09-28,600519.SH,-0.020262850564840017
2023-09-28,000001.SZ,-0.013379904332719319
2023-09-28,300750.SZ,0.00932595621760963
2023-09-28,601318.SH,0.004030288312642919
2023-09-28,000858.SZ,0.002451897613596703
2023-09-28,002594.SZ,-0.011332043985949052
2023-09-28,600036.SH,-0.01763896824076871
2023-09-29,600000.SH,0.023599020305964703
2023-09-29,600519.SH,0.011896561441132679
2023-09-29,000001.SZ,-0.003484343903926401
2023-09-29,300750.SZ,-0.018185938281319838
2023-09-29,601318.SH,-0.00037137222079990263
2023-09-29,000858.SZ,0.008773547223175747
2023-09-29,002594.SZ,-0.013623390016951498
2023-09-29,600036.SH,0.0030921294768936386
2023-10-02,600000.SH,0.030867944456529017
2023-10-02,600519.SH,-0.001321994911101107
2023-10-02,000001.SZ,-0.048844009930824585
2023-10-02,300750.SZ,0.0154133164969382
2023-10-02,601318.SH,-0.03207319469751772
2023-10-02,000858.SZ,0.0006378629625777018
2023-10-02,002594.SZ,0.008927539015107374
2023-10-02,600036.SH,-0.01510649358777301
2023-10-03,600000.SH,0.003545352660750333
2023-10-03,600519.SH,-0.024862011768686285
2023-10-03,000001.SZ,0.017257765295492857
2023-10-03,300750.SZ,0.008019203098223045
2023-10-03,601318.SH,-0.010693613547705982
2023-10-03,000858.SZ,-0.021004665614937548
2023-10-03,002594.SZ,0.019904730782404817
2023-10-03,600036.SH,-0.009963609716033734
2023-10-04,600000.SH,0.03173591563792969
2023-10-04,600519.SH,0.009692326348629354
2023-10-04,000001.SZ,-0.025131698601970093
2023-10-04,300750.SZ,0.01654917652280504
2023-10-04,601318.SH,-0.059905787631583544
2023-10-04,000858.SZ,-0.04119093394558064
2023-10-04,002594.SZ,0.009431531966197669
2023-10-04,600036.SH,0.01594464432460945
2023-10-05,600000.SH,0.001916257059584791
2023-10-05,600519.SH,0.00235979814960965
2023-10-05,000001.SZ,0.008434266959687624
2023-10-05,300750.SZ,0.020335625847508972
2023-10-05,601318.SH,0.010739659915982016
2023-10-05,000858.SZ,-0.011999804113840525
2023-10-05,002594.SZ,-0.018964056415553134
2023-10-05,600036.SH,0.007548665285637016
2023-10-06,600000.SH,-0.02397906015523287
2023-10-06,600519.SH,-0.023518032739294863
2023-10-06,000001.SZ,0.006489074262276937
2023-10-06,300750.SZ,0.00342157809450038
2023-10-06,601318.SH,0.0205514406550547
2023-10-06,000858.SZ,-0.02331595745699008
2023-10-06,002594.SZ,-0.014116770321517529
2023-10-06,600036.SH,-0.012911907504110287
2023-10-09,600000.SH,0.03769011949524615
2023-10-09,600519.SH,-0.011878598202080733
2023-10-09,000001.SZ,-0.004767146657424266
2023-10-09,300750.SZ,-0.01730225792003525
2023-10-09,601318.SH,-0.02108009551043643
2023-10-09,000858.SZ,-0.0030816524768678038
2023-10-09,002594.SZ,0.03154122303776082
2023-10-09,600036.SH,-0.014934617635397196
2023-10-10,600000.SH,0.008046846559058646
2023-10-10,600519.SH,0.013035359659893398
2023-10-10,000001.SZ,-0.03926622165656822
2023-10-10,300750.SZ,0.048206248943359016
2023-10-10,601318.SH,-0.004904435097258907
2023-10-10,000858.SZ,0.011404277282674537
2023-10-10,002594.SZ,-0.00014167235629977662
2023-10-10,600036.SH,-0.015438806928391
2023-10-11,600000.SH,-0.028303451718184335
2023-10-11,600519.SH,0.009493514860352248
2023-10-11,000001.SZ,-0.0009801916442133427
2023-10-11,300750.SZ,-0.013644666650463724
2023-10-11,601318.SH,0.03722246867262913
2023-10-11,000858.SZ,-0.0362783736385116
2023-10-11,002594.SZ,-0.010169782973957391
2023-10-11,600036.SH,-0.0019415783671029002
2023-10-12,600000.SH,-0.02033135165297271
2023-10-12,600519.SH,0.011438937673247027
2023-10-12,000001.SZ,0.030897251767484583
2023-10-12,300750.SZ,0.03308536908337564
2023-10-12,601318.SH,-0.0017815345596590582
2023-10-12,000858.SZ,-0.012224132745396311
2023-10-12,002594.SZ,0.002184249169820873
2023-10-12,600036.SH,0.01667408396099821
2023-10-13,600000.SH,0.0038566682404950325
2023-10-13,600519.SH,0.012260164346088634
2023-10-13,000001.SZ,-0.032736996071703627
2023-10-13,300750.SZ,-0.0031136505765363065
2023-10-13,601318.SH,-0.023636849196647228
2023-10-13,000858.SZ,-0.002868450951928035
2023-10-13,002594.SZ,0.024449747772715483
2023-10-13,600036.SH,0.008422454473483856
2023-10-16,600000.SH,-0.027671442989857763
2023-10-16,600519.SH,-0.012558306100521334
2023-10-16,000001.SZ,-0.025693827955118147
2023-10-16,300750.SZ,-0.029066242204764576
2023-10-16,601318.SH,-0.0254421883002179
2023-10-16,000858.SZ,0.015072929376689912
2023-10-16,002594.SZ,-0.013483377055198155
2023-10-16,600036.SH,-0.0017121879981407166
2023-10-17,600000.SH,-0.0069439259188717566
2023-10-17,600519.SH,-0.011453649844923159
2023-10-17,000001.SZ,-0.03470755486256205
2023-10-17,300750.SZ,-0.00745511235716936
2023-10-17,601318.SH,0.023508610915720644
2023-10-17,000858.SZ,0.005523503728172064
2023-10-17,002594.SZ,-0.0677367521012129
2023-10-17,600036.SH,0.024698761111025133
2023-10-18,600000.SH,0.022309601627145414
2023-10-18,600519.SH,0.009565173633161814
2023-10-18,000001.SZ,0.017825727362774407
2023-10-18,300750.SZ,0.02912219924464256
2023-10-18,601318.SH,0.025517218955952575
2023-10-18,000858.SZ,-0.016675936940329955
2023-10-18,002594.SZ,0.022367416308455068
2023-10-18,600036.SH,0.006305702116245445
2023-10-19,600000.SH,0.0023337790051695152
2023-10-19,600519.SH,0.02227099093001731
2023-10-19,000001.SZ,-0.017443389216174304
2023-10-19,300750.SZ,-0.0063798860069512135
2023-10-19,601318.SH,-0.0009431151450683326
2023-10-19,000858.SZ,0.012310883974609698
2023-10-19,002594.SZ,-0.0066184789658667075
2023-10-19,600036.SH,0.007847895950156471
2023-10-20,600000.SH,-0.027190615786511912
2023-10-20,600519.SH,0.0015064610232700352
2023-10-20,000001.SZ,0.016666252554533415
2023-10-20,300750.SZ,0.022524874376053522
2023-10-20,601318.SH,0.010247358745351598
2023-10-20,000858.SZ,-0.007561059926930578
2023-10-20,002594.SZ,-0.01061530269922057
2023-10-20,600036.SH,-0.02709080598830434
2023-10-23,600000.SH,-0.012699962116349947
2023-10-23,600519.SH,-0.0023512077320462345
2023-10-23,000001.SZ,-0.005505014656257389
2023-10-23,300750.SZ,-0.01127945793019427
2023-10-23,601318.SH,0.009339474598030558
2023-10-23,000858.SZ,-0.01718586660257348
2023-10-23,002594.SZ,-0.02178289300496366
2023-10-23,600036.SH,0.031236454702135822
2023-10-24,600000.SH,0.01890628452104799
2023-10-24,600519.SH,-0.013732043015372205
2023-10-24,000001.SZ,-0.007098688128767744
2023-10-24,300750.SZ,-0.019672225756411355
2023-10-24,601318.SH,-0.009011036418729353
2023-10-24,000858.SZ,0.02030231500878294
2023-10-24,002594.SZ,0.06162194906467366
2023-10-24,600036.SH,-0.0041785216431514775
2023-10-25,600000.SH,0.026786254200418195
2023-10-25,600519.SH,-0.006913610673407483
2023-10-25,000001.SZ,0.0060766729224632126
2023-10-25,300750.SZ,0.024298874691245458
2023-10-25,601318.SH,-0.018983762339730485
2023-10-25,000858.SZ,-0.0060761847991246485
2023-10-25,002594.SZ,-0.04080960007453957
2023-10-25,600036.SH,-0.000661182325982044
2023-10-26,600000.SH,-0.013702828092604652
2023-10-26,600519.SH,0.006926069135231448
2023-10-26,000001.SZ,0.018300300954193553
2023-10-26,300750.SZ,0.020451065986493728
2023-10-26,601318.SH,-0.00632847296833939
2023-10-26,000858.SZ,-0.02514003009907989
2023-10-26,002594.SZ,-0.013002538357135763
2023-10-26,600036.SH,-0.011120626080256782
2023-10-27,600000.SH,-0.01189628219786864
2023-10-27,600519.SH,-0.020648193618418756
2023-10-27,000001.SZ,0.005869156781391617
2023-10-27,300750.SZ,-0.022625692485299533
2023-10-27,601318.SH,-0.008486784181184906
2023-10-27,000858.SZ,-0.0025069759427267845
2023-10-27,002594.SZ,0.027040296975814948
2023-10-27,600036.SH,0.009136965122487834
2023-10-30,600000.SH,0.0016685241084922055
2023-10-30,600519.SH,-0.0115445304971122
2023-10-30,000001.SZ,-0.018923392574052476
2023-10-30,300750.SZ,0.0001651126351797722
2023-10-30,601318.SH,0.01494375365951758
2023-10-30,000858.SZ,-0.02944844275874785
2023-10-30,002594.SZ,0.00428634501446096
2023-10-30,600036.SH,-0.02895015170243996
2023-10-31,600000.SH,-0.03861076129403033
2023-10-31,600519.SH,0.0033130446710974894
2023-10-31,000001.SZ,0.01898102089619237
2023-10-31,300750.SZ,0.00794484616891538
2023-10-31,601318.SH,0.003929318015351684
2023-10-31,000858.SZ,-0.014901468191903341
2023-10-31,002594.SZ,-0.03656020259207733
2023-10-31,600036.SH,-0.014642761231086456
2023-11-01,600000.SH,-0.003930935268902626
2023-11-01,600519.SH,-0.010549262220178315
2023-11-01,000001.SZ,-0.002903768384422342
2023-11-01,300750.SZ,0.0018254874116985145
2023-11-01,601318.SH,-0.008035274085149247
2023-11-01,000858.SZ,0.0035269032747251424
2023-11-01,002594.SZ,-0.007357024641753359
2023-11-01,600036.SH,-0.04032969738562495
2023-11-02,600000.SH,-0.015079446459458006
2023-11-02,600519.SH,0.029921698413214678
2023-11-02,000001.SZ,-0.007316388192450869
2023-11-02,300750.SZ,-0.025958904299423907
2023-11-02,601318.SH,-0.011205024647712884
2023-11-02,000858.SZ,0.022366350480855526
2023-11-02,002594.SZ,-0.0019572424623912495
2023-11-02,600036.SH,-0.015546080011182467
2023-11-03,600000.SH,0.008507334265003748
2023-11-03,600519.SH,0.021910183392537932
2023-11-03,000001.SZ,0.015316786750978108
2023-11-03,300750.SZ,0.0018713736329991101
2023-11-03,601318.SH,-0.014910098019979381
2023-11-03,000858.SZ,-0.026735030735988357
2023-11-03,002594.SZ,-0.0385146645193643
2023-11-03,600036.SH,0.029375476071695453
2023-11-06,600000.SH,-0.012874260833842934
2023-11-06,600519.SH,0.026829510552328996
2023-11-06,000001.SZ,0.007712593102152871
2023-11-06,300750.SZ,0.020523369604100204
2023-11-06,601318.SH,-0.0003582921879442867
2023-11-06,000858.SZ,0.007688238938301244
2023-11-06,002594.SZ,-0.005283553239143795
2023-11-06,600036.SH,0.004996521899486573
2023-11-07,600000.SH,-0.002571254424772006
2023-11-07,600519.SH,0.018947301658632256
2023-11-07,000001.SZ,0.015511188799305242
2023-11-07,300750.SZ,-0.009517901379844642
2023-11-07,601318.SH,0.0010854057221173408
2023-11-07,000858.SZ,0.016974395310229318
2023-11-07,002594.SZ,0.026556312800423313
2023-11-07,600036.SH,0.04451737225134159
2023-11-08,600000.SH,0.004666705583381091
2023-11-08,600519.SH,-0.013786059756427825
2023-11-08,000001.SZ,0.01786663064423082
2023-11-08,300750.SZ,-0.008594672154521366
2023-11-08,601318.SH,-0.0021926967097265428
2023-11-08,000858.SZ,0.013794739286335764
2023-11-08,002594.SZ,0.013361811663415879
2023-11-08,600036.SH,-0.012534829135745516
2023-11-09,600000.SH,0.012135437420242035
2023-11-09,600519.SH,0.03353301900719582
2023-11-09,000001.SZ,0.023279793481784092
2023-11-09,300750.SZ,-0.019082052620443397
2023-11-09,601318.SH,0.004176606971163015
2023-11-09,000858.SZ,0.005902505411278268
2023-11-09,002594.SZ,0.0007297976681918575
2023-11-09,600036.SH,-0.021949601090768378
2023-11-10,600000.SH,-0.00796192909394709
2023-11-10,600519.SH,-0.010539573013164131
2023-11-10,000001.SZ,0.00101226265055683
2023-11-10,300750.SZ,0.008787566067370753
2023-11-10,601318.SH,0.019082308949376778
2023-11-10,000858.SZ,-0.041543663819330334
2023-11-10,002594.SZ,-0.011551116751401422
2023-11-10,600036.SH,-0.009658961215144549
2023-11-13,600000.SH,0.011076908607813163
2023-11-13,600519.SH,-0.02758058130659194
2023-11-13,000001.SZ,-0.006633177830815671
2023-11-13,300750.SZ,0.005193515466885527
2023-11-13,601318.SH,-0.01821091577352917
2023-11-13,000858.SZ,0.023369912925894687
2023-11-13,002594.SZ,0.003147420067631655
2023-11-13,600036.SH,0.00049898761230359
2023-11-14,600000.SH,-0.019886530757721305
2023-11-14,600519.SH,-0.010342106476724821
2023-11-14,000001.SZ,-0.017947892260355584
2023-11-14,300750.SZ,-0.01837209146835166
2023-11-14,601318.SH,-0.0019029991984406192
2023-11-14,000858.SZ,-0.008827210768019208
2023-11-14,002594.SZ,0.02044234783674969
2023-11-14,600036.SH,0.015091111285740215
2023-11-15,600000.SH,-0.02381743759558717
2023-11-15,600519.SH,0.027369811328518887
2023-11-15,000001.SZ,-0.020613829000759337
2023-11-15,300750.SZ,-0.0035074257230649887
2023-11-15,601318.SH,0.03469755685489125
2023-11-15,000858.SZ,0.02541258033761666
2023-11-15,002594.SZ,-0.0032052091663186066
2023-11-15,600036.SH,0.004110850621162823
2023-11-16,600000.SH,0.021640011703820607
2023-11-16,600519.SH,-0.0069406462517660585
2023-11-16,000001.SZ,0.031352827111338424
2023-11-16,300750.SZ,-0.02335496077211452
2023-11-16,601318.SH,-0.00998855681019441
2023-11-16,000858.SZ,-0.025327130034460032
2023-11-16,002594.SZ,0.006431472167074428
2023-11-16,600036.SH,0.000983360268911727
2023-11-17,600000.SH,0.04281529119908877
2023-11-17,600519.SH,-0.010650446644570169
2023-11-17,000001.SZ,-0.02648030490374048
2023-11-17,300750.SZ,0.020855456245194606
2023-11-17,601318.SH,0.011315633007344037
2023-11-17,000858.SZ,-0.016553521592318182
2023-11-17,002594.SZ,-0.026430749216082412
2023-11-17,600036.SH,-0.011372864271987821
2023-11-20,600000.SH,0.008647431903472719
2023-11-20,600519.SH,-0.009173928211201892
2023-11-20,000001.SZ,0.02312629814196297
2023-11-20,300750.SZ,0.006205589767975967
2023-11-20,601318.SH,-0.005360183047730285
2023-11-20,000858.SZ,0.0021120114599090375
2023-11-20,002594.SZ,0.022438304110274584
2023-11-20,600036.SH,0.05332571579061973
2023-11-21,600000.SH,0.028101136586045225
2023-11-21,600519.SH,-0.012364786738114426
2023-11-21,000001.SZ,0.03012872087800234
2023-11-21,300750.SZ,-0.006995062096525471
2023-11-21,601318.SH,0.009535275473249684
2023-11-21,000858.SZ,0.058890437738760126
2023-11-21,002594.SZ,-0.016217228879346384
2023-11-21,600036.SH,0.0005017907828408965
2023-11-22,600000.SH,-0.010184025279945847
2023-11-22,600519.SH,-0.005281611441592187
2023-11-22,000001.SZ,-0.013384610510329378
2023-11-22,300750.SZ,0.02873850843766185
2023-11-22,601318.SH,-0.0010405554214918237
2023-11-22,000858.SZ,0.0025021662011558148
2023-11-22,002594.SZ,0.005892404248679399
2023-11-22,600036.SH,-0.018056139602437703
2023-11-23,600000.SH,0.0037506058024027573
2023-11-23,600519.SH,0.01913933845355448
2023-11-23,000001.SZ,-0.003390776972934887
2023-11-23,300750.SZ,0.023655277938421912
2023-11-23,601318.SH,-0.03214085493860124
2023-11-23,000858.SZ,0.045709238669714096
2023-11-23,002594.SZ,0.005350232193053578
2023-11-23,600036.SH,-0.014397105003626062
2023-11-24,600000.SH,0.017244062850381294
2023-11-24,600519.SH,-0.03890275885156616
2023-11-24,000001.SZ,0.01550011823141714
2023-11-24,300750.SZ,0.030810012378981986
2023-11-24,601318.SH,-0.00040671383399149366
2023-11-24,000858.SZ,-0.023655417683263968
2023-11-24,002594.SZ,-0.029518174084515014
2023-11-24,600036.SH,-0.023753880332915353
2023-11-27,600000.SH,-0.026954562197304736
2023-11-27,600519.SH,-0.02039959245589078
2023-11-27,000001.SZ,0.01959471238774625
2023-11-27,300750.SZ,-0.01008174205617839
2023-11-27,601318.SH,0.011624593297969485
2023-11-27,000858.SZ,0.03869466324667185
2023-11-27,002594.SZ,0.00845959724725707
2023-11-27,600036.SH,0.04946755303325743
2023-11-28,600000.SH,-0.0020391838141736647
2023-11-28,600519.SH,-0.023035902857494444
2023-11-28,000001.SZ,0.016376085913034723
2023-11-28,300750.SZ,0.0071901376057184035
2023-11-28,601318.SH,0.017485331498273478
2023-11-28,000858.SZ,-0.013369678441358055
2023-11-28,002594.SZ,-0.02489929769603216
2023-11-28,600036.SH,0.02433691444612381
2023-11-29,600000.SH,-0.006488516202205097
2023-11-29,600519.SH,0.004969899879301407
2023-11-29,000001.SZ,0.03338948212482912
2023-11-29,300750.SZ,-0.027211363153284
2023-11-29,601318.SH,0.01386427245228932
2023-11-29,000858.SZ,0.0032533949425970292
2023-11-29,002594.SZ,0.02191528263733153
2023-11-29,600036.SH,-0.023398346030974678
2023-11-30,600000.SH,0.007985487368576615
2023-11-30,600519.SH,0.016689045680339677
2023-11-30,000001.SZ,0.002697345813536417
2023-11-30,300750.SZ,-0.02047383224176111
2023-11-30,601318.SH,-0.0013007139178960766
2023-11-30,000858.SZ,0.02291911654443537
2023-11-30,002594.SZ,0.01903206283214155
2023-11-30,600036.SH,-0.028817532241626448
2023-12-01,600000.SH,0.011574989177522857
2023-12-01,600519.SH,0.02469932856798296
2023-12-01,000001.SZ,-0.009876300500632573
2023-12-01,300750.SZ,0.007727950376176664
2023-12-01,601318.SH,-0.009775250763062794
2023-12-01,000858.SZ,0.04027552068720838
2023-12-01,002594.SZ,0.00532987631931859
2023-12-01,600036.SH,0.010922751805997073
2023-12-04,600000.SH,0.010100877086303061
2023-12-04,600519.SH,8.916481820003733e-06
2023-12-04,000001.SZ,0.0184551729160805
2023-12-04,300750.SZ,0.04120415805355469
2023-12-04,601318.SH,-0.02007204700936217
2023-12-04,000858.SZ,0.01462988588805293
2023-12-04,002594.SZ,0.008708412436220446
2023-12-04,600036.SH,0.0066918596095905235
2023-12-05,600000.SH,0.007872508720398727
2023-12-05,600519.SH,0.02027815147602345
2023-12-05,000001.SZ,0.022145642085429604
2023-12-05,300750.SZ,0.004668335029642252
2023-12-05,601318.SH,0.012614050023160402
2023-12-05,000858.SZ,0.015117816283751986
2023-12-05,002594.SZ,-0.002961551607588607
2023-12-05,600036.SH,0.0035373661997634264
2023-12-06,600000.SH,-0.02909366023327929
2023-12-06,600519.SH,0.013324352516144626
2023-12-06,000001.SZ,0.028616384176373903
2023-12-06,300750.SZ,0.011245078207008263
2023-12-06,601318.SH,-0.00032285144979654347
2023-12-06,000858.SZ,-0.021540991758156016
2023-12-06,002594.SZ,-0.013572876282985072
2023-12-06,600036.SH,0.017451345713779893
2023-12-07,600000.SH,0.005141794806447989
2023-12-07,600519.SH,-0.015949569568698852
2023-12-07,000001.SZ,-0.04383852694077369
2023-12-07,300750.SZ,-0.019219448005244912
2023-12-07,601318.SH,0.012866587122880238
2023-12-07,000858.SZ,-0.02650621194103064
2023-12-07,002594.SZ,0.02479784515517582
2023-12-07,600036.SH,0.01336618833302838
2023-12-08,600000.SH,0.009484040288096676
2023-12-08,600519.SH,0.012594131410262372
2023-12-08,000001.SZ,-0.013381067892318462
2023-12-08,300750.SZ,-0.021902065069970323
2023-12-08,601318.SH,0.003861255604444508
2023-12-08,000858.SZ,-0.014324170677714427
2023-12-08,002594.SZ,0.0011160580773258936
2023-12-08,600036.SH,-0.018116421723611532
2023-12-11,600000.SH,-0.034548982799499015
2023-12-11,600519.SH,0.0005698905678712289
2023-12-11,000001.SZ,-0.03234484118435735
2023-12-11,300750.SZ,0.015830256765964595
2023-12-11,601318.SH,0.00015096767822275737
2023-12-11,000858.SZ,0.027742446071999105
2023-12-11,002594.SZ,0.02557799318191646
2023-12-11,600036.SH,-0.020204052537675394
2023-12-12,600000.SH,-0.021191376708040735
2023-12-12,600519.SH,0.03737198880834751
2023-12-12,000001.SZ,-0.022097514192043116
2023-12-12,300750.SZ,0.005848207240697076
2023-12-12,601318.SH,0.011190483273840503
2023-12-12,000858.SZ,-0.012821530392018754
2023-12-12,002594.SZ,-0.037168196705980205
2023-12-12,600036.SH,0.009607879699500867
2023-12-13,600000.SH,0.007131920848632012
2023-12-13,600519.SH,-0.0038519998602289875
2023-12-13,000001.SZ,-0.02665657044395188
2023-12-13,300750.SZ,-0.015184030183255747
2023-12-13,601318.SH,-0.02492280716134963
2023-12-13,000858.SZ,-0.012796924194482402
2023-12-13,002594.SZ,0.006634981723478376
2023-12-13,600036.SH,-0.001997976767155851
2023-12-14,600000.SH,-0.010174080506698921
2023-12-14,600519.SH,0.0026846745267802754
2023-12-14,000001.SZ,-0.009290279813889798
2023-12-14,300750.SZ,0.014856021481770643
2023-12-14,601318.SH,-0.0006879497523427453
2023-12-14,000858.SZ,-0.028717957279501383
2023-12-14,002594.SZ,-0.031042563283568234
2023-12-14,600036.SH,-0.002614311557771466
2023-12-15,600000.SH,-0.0030820566978593377
2023-12-15,600519.SH,-0.030199874427815056
2023-12-15,000001.SZ,0.024215110676491243
2023-12-15,300750.SZ,-0.03083975931441435
2023-12-15,601318.SH,-0.026480295131772382
2023-12-15,000858.SZ,0.03452109498154553
2023-12-15,002594.SZ,-0.04774706049907342
2023-12-15,600036.SH,-0.007752957887564415
2023-12-18,600000.SH,0.041225910042850464
2023-12-18,600519.SH,0.02099062114781012
2023-12-18,000001.SZ,-0.018795424927189545
2023-12-18,300750.SZ,0.014699291372126822
2023-12-18,601318.SH,0.02254899819211713
2023-12-18,000858.SZ,-0.0008939077794316748
2023-12-18,002594.SZ,-0.012722636651127404
2023-12-18,600036.SH,-0.008146415081659282
2023-12-19,600000.SH,0.0031672488352177237
2023-12-19,600519.SH,0.023332208893690247
2023-12-19,000001.SZ,-0.010535387642564772
2023-12-19,300750.SZ,0.02747800711185866
2023-12-19,601318.SH,-0.014298668235502172
2023-12-19,000858.SZ,-0.007649025225768236
2023-12-19,002594.SZ,0.006600172139551667
2023-12-19,600036.SH,0.0005149393780360388
2023-12-20,600000.SH,-0.001973479110887621
2023-12-20,600519.SH,-0.03482684957066496
2023-12-20,000001.SZ,0.01084682707702381
2023-12-20,300750.SZ,0.011345385584567024
2023-12-20,601318.SH,0.04738891572269167
2023-12-20,000858.SZ,0.01215650349968727
2023-12-20,002594.SZ,-0.005030499441559453
2023-12-20,600036.SH,0.0012217663060664853
